emission_time,valid_time,dwi,dwi_sin,dwi_cos,wind_max,wind_med,shww_max,shww_med,mdts,mdts_sin,mdts_cos,shts_max,shts_med
2015-01-01 12:00:00,2015-01-01 12:00:00,90.0,1.0,6.123233995736766e-17,7.9,6.7,0.5,0.25,315.0,-0.7071067811865477,0.7071067811865474,1.0,1.0
2015-01-01 12:00:00,2015-01-01 15:00:00,247.5,-0.9238795325112868,-0.3826834323650895,7.9,6.7,0.5,0.25,315.0,-0.7071067811865477,0.7071067811865474,1.0,1.0
2015-01-01 12:00:00,2015-01-01 18:00:00,247.5,-0.9238795325112868,-0.3826834323650895,7.9,6.7,0.5,0.25,315.0,-0.7071067811865477,0.7071067811865474,1.0,1.0
2015-01-01 12:00:00,2015-01-01 21:00:00,247.5,-0.9238795325112868,-0.3826834323650895,7.9,6.7,0.5,0.25,315.0,-0.7071067811865477,0.7071067811865474,1.0,1.0
2015-01-01 12:00:00,2015-01-02 00:00:00,247.5,-0.9238795325112868,-0.3826834323650895,7.9,6.7,0.5,0.25,315.0,-0.7071067811865477,0.7071067811865474,1.0,1.0
2015-01-01 12:00:00,2015-01-02 03:00:00,247.5,-0.9238795325112868,-0.3826834323650895,7.9,6.7,0.5,0.25,315.0,-0.7071067811865477,0.7071067811865474,1.0,1.0
2015-01-01 12:00:00,2015-01-02 06:00:00,247.5,-0.9238795325112868,-0.3826834323650895,7.9,6.7,0.5,0.25,315.0,-0.7071067811865477,0.7071067811865474,1.0,1.0
2015-01-01 12:00:00,2015-01-02 09:00:00,247.5,-0.9238795325112868,-0.3826834323650895,7.9,6.7,0.5,0.25,315.0,-0.7071067811865477,0.7071067811865474,1.0,1.0
2015-01-01 12:00:00,2015-01-02 12:00:00,247.5,-0.9238795325112868,-0.3826834323650895,7.9,6.7,0.5,0.25,315.0,-0.7071067811865477,0.7071067811865474,1.0,1.0
2015-01-01 18:00:00,2015-01-01 18:00:00,247.5,-0.9238795325112868,-0.3826834323650895,7.9,4.6,0.5,0.25,315.0,-0.7071067811865477,0.7071067811865474,1.0,1.0
2015-01-01 18:00:00,2015-01-01 21:00:00,247.5,-0.9238795325112868,-0.3826834323650895,7.9,4.6,0.5,0.25,315.0,-0.7071067811865477,0.7071067811865474,1.0,1.0
2015-01-01 18:00:00,2015-01-02 00:00:00,247.5,-0.9238795325112868,-0.3826834323650895,7.9,4.6,0.5,0.25,315.0,-0.7071067811865477,0.7071067811865474,1.0,1.0
2015-01-01 18:00:00,2015-01-02 03:00:00,247.5,-0.9238795325112868,-0.3826834323650895,7.9,4.6,0.5,0.25,315.0,-0.7071067811865477,0.7071067811865474,1.0,1.0
2015-01-01 18:00:00,2015-01-02 06:00:00,247.5,-0.9238795325112868,-0.3826834323650895,7.9,4.6,0.5,0.25,315.0,-0.7071067811865477,0.7071067811865474,1.0,1.0
2015-01-01 18:00:00,2015-01-02 09:00:00,247.5,-0.9238795325112868,-0.3826834323650895,7.9,4.6,0.5,0.25,315.0,-0.7071067811865477,0.7071067811865474,1.0,1.0
2015-01-01 18:00:00,2015-01-02 12:00:00,247.5,-0.9238795325112868,-0.3826834323650895,7.9,4.6,0.5,0.25,315.0,-0.7071067811865477,0.7071067811865474,1.0,1.0
2015-01-01 18:00:00,2015-01-02 15:00:00,247.5,-0.9238795325112868,-0.3826834323650895,7.9,4.6,0.5,0.25,315.0,-0.7071067811865477,0.7071067811865474,1.0,1.0
2015-01-01 18:00:00,2015-01-02 18:00:00,247.5,-0.9238795325112868,-0.3826834323650895,7.9,4.6,0.5,0.25,315.0,-0.7071067811865477,0.7071067811865474,1.0,1.0
2015-01-02 12:00:00,2015-01-02 12:00:00,None,None,None,5.4,4.4,0.5,0.25,315.0,-0.7071067811865477,0.7071067811865474,3.0,2.5
2015-01-02 12:00:00,2015-01-02 15:00:00,None,None,None,5.4,4.4,0.5,0.25,315.0,-0.7071067811865477,0.7071067811865474,3.0,2.5
2015-01-02 12:00:00,2015-01-02 18:00:00,None,None,None,5.4,4.4,0.5,0.25,315.0,-0.7071067811865477,0.7071067811865474,3.0,2.5
2015-01-02 12:00:00,2015-01-02 21:00:00,None,None,None,5.4,4.4,0.5,0.25,315.0,-0.7071067811865477,0.7071067811865474,3.0,2.5
2015-01-02 12:00:00,2015-01-03 00:00:00,None,None,None,5.4,4.4,0.5,0.25,315.0,-0.7071067811865477,0.7071067811865474,3.0,2.5
2015-01-02 12:00:00,2015-01-03 03:00:00,None,None,None,5.4,4.4,0.5,0.25,315.0,-0.7071067811865477,0.7071067811865474,3.0,2.5
2015-01-02 12:00:00,2015-01-03 06:00:00,None,None,None,5.4,4.4,0.5,0.25,315.0,-0.7071067811865477,0.7071067811865474,3.0,2.5
2015-01-02 12:00:00,2015-01-03 09:00:00,None,None,None,5.4,4.4,0.5,0.25,315.0,-0.7071067811865477,0.7071067811865474,3.0,2.5
2015-01-02 12:00:00,2015-01-03 12:00:00,None,None,None,5.4,4.4,0.5,0.25,315.0,-0.7071067811865477,0.7071067811865474,3.0,2.5
2015-01-02 18:00:00,2015-01-02 18:00:00,270.0,-1.0,-1.8369701987210297e-16,7.9,4.6,0.5,0.25,315.0,-0.7071067811865477,0.7071067811865474,3.0,2.5
2015-01-02 18:00:00,2015-01-02 21:00:00,270.0,-1.0,-1.8369701987210297e-16,7.9,4.6,0.5,0.25,315.0,-0.7071067811865477,0.7071067811865474,3.0,2.5
2015-01-02 18:00:00,2015-01-03 00:00:00,270.0,-1.0,-1.8369701987210297e-16,7.9,4.6,0.5,0.25,315.0,-0.7071067811865477,0.7071067811865474,3.0,2.5
2015-01-02 18:00:00,2015-01-03 03:00:00,270.0,-1.0,-1.8369701987210297e-16,7.9,4.6,0.5,0.25,315.0,-0.7071067811865477,0.7071067811865474,3.0,2.5
2015-01-02 18:00:00,2015-01-03 06:00:00,270.0,-1.0,-1.8369701987210297e-16,7.9,4.6,0.5,0.25,315.0,-0.7071067811865477,0.7071067811865474,3.0,2.5
2015-01-02 18:00:00,2015-01-03 09:00:00,270.0,-1.0,-1.8369701987210297e-16,7.9,4.6,0.5,0.25,315.0,-0.7071067811865477,0.7071067811865474,3.0,2.5
2015-01-02 18:00:00,2015-01-03 12:00:00,270.0,-1.0,-1.8369701987210297e-16,7.9,4.6,0.5,0.25,315.0,-0.7071067811865477,0.7071067811865474,3.0,2.5
2015-01-02 18:00:00,2015-01-03 15:00:00,270.0,-1.0,-1.8369701987210297e-16,7.9,4.6,0.5,0.25,315.0,-0.7071067811865477,0.7071067811865474,3.0,2.5
2015-01-02 18:00:00,2015-01-03 18:00:00,270.0,-1.0,-1.8369701987210297e-16,7.9,4.6,1.25,0.75,315.0,-0.7071067811865477,0.7071067811865474,3.0,2.5
2015-01-03 12:00:00,2015-01-03 12:00:00,270.0,-1.0,-1.8369701987210297e-16,7.9,5.4,1.25,0.75,315.0,-0.7071067811865477,0.7071067811865474,3.0,None
2015-01-03 12:00:00,2015-01-03 15:00:00,270.0,-1.0,-1.8369701987210297e-16,7.9,5.4,1.25,0.75,315.0,-0.7071067811865477,0.7071067811865474,3.0,None
2015-01-03 12:00:00,2015-01-03 18:00:00,270.0,-1.0,-1.8369701987210297e-16,7.9,5.4,1.25,0.75,315.0,-0.7071067811865477,0.7071067811865474,3.0,None
2015-01-03 12:00:00,2015-01-03 21:00:00,270.0,-1.0,-1.8369701987210297e-16,7.9,5.4,1.25,0.75,315.0,-0.7071067811865477,0.7071067811865474,3.0,None
2015-01-03 12:00:00,2015-01-04 00:00:00,270.0,-1.0,-1.8369701987210297e-16,7.9,5.4,1.25,0.75,315.0,-0.7071067811865477,0.7071067811865474,3.0,None
2015-01-03 12:00:00,2015-01-04 03:00:00,270.0,-1.0,-1.8369701987210297e-16,7.9,5.4,1.25,0.75,315.0,-0.7071067811865477,0.7071067811865474,3.0,None
2015-01-03 12:00:00,2015-01-04 06:00:00,270.0,-1.0,-1.8369701987210297e-16,7.9,5.4,1.25,0.75,315.0,-0.7071067811865477,0.7071067811865474,3.0,None
2015-01-03 12:00:00,2015-01-04 09:00:00,270.0,-1.0,-1.8369701987210297e-16,7.9,5.4,1.25,0.75,315.0,-0.7071067811865477,0.7071067811865474,3.0,None
2015-01-03 12:00:00,2015-01-04 12:00:00,270.0,-1.0,-1.8369701987210297e-16,7.9,5.4,1.25,0.75,315.0,-0.7071067811865477,0.7071067811865474,3.0,None
2015-01-03 18:00:00,2015-01-03 18:00:00,270.0,-1.0,-1.8369701987210297e-16,7.9,5.4,1.25,0.75,315.0,-0.7071067811865477,0.7071067811865474,3.0,None
2015-01-03 18:00:00,2015-01-03 21:00:00,270.0,-1.0,-1.8369701987210297e-16,7.9,5.4,1.25,0.75,315.0,-0.7071067811865477,0.7071067811865474,3.0,None
2015-01-03 18:00:00,2015-01-04 00:00:00,270.0,-1.0,-1.8369701987210297e-16,7.9,5.4,1.25,0.75,315.0,-0.7071067811865477,0.7071067811865474,3.0,None
2015-01-03 18:00:00,2015-01-04 03:00:00,270.0,-1.0,-1.8369701987210297e-16,7.9,5.4,1.25,0.75,315.0,-0.7071067811865477,0.7071067811865474,3.0,None
2015-01-03 18:00:00,2015-01-04 06:00:00,270.0,-1.0,-1.8369701987210297e-16,7.9,5.4,1.25,0.75,315.0,-0.7071067811865477,0.7071067811865474,3.0,None
2015-01-03 18:00:00,2015-01-04 09:00:00,270.0,-1.0,-1.8369701987210297e-16,7.9,5.4,0.5,0.25,315.0,-0.7071067811865477,0.7071067811865474,3.0,None
2015-01-03 18:00:00,2015-01-04 12:00:00,270.0,-1.0,-1.8369701987210297e-16,7.9,5.4,0.5,0.25,315.0,-0.7071067811865477,0.7071067811865474,3.0,None
2015-01-03 18:00:00,2015-01-04 15:00:00,270.0,-1.0,-1.8369701987210297e-16,7.9,5.4,0.5,0.25,315.0,-0.7071067811865477,0.7071067811865474,3.0,None
2015-01-03 18:00:00,2015-01-04 18:00:00,90.0,1.0,6.123233995736766e-17,5.4,4.4,0.5,0.25,315.0,-0.7071067811865477,0.7071067811865474,3.0,None
2015-01-04 12:00:00,2015-01-04 12:00:00,180.0,1.2246467991473532e-16,-1.0,7.9,3.45,0.5,0.25,315.0,-0.7071067811865477,0.7071067811865474,2.0,1.5
2015-01-04 12:00:00,2015-01-04 15:00:00,180.0,1.2246467991473532e-16,-1.0,7.9,3.45,0.5,0.25,315.0,-0.7071067811865477,0.7071067811865474,2.0,1.5
2015-01-04 12:00:00,2015-01-04 18:00:00,180.0,1.2246467991473532e-16,-1.0,7.9,3.45,0.5,0.25,315.0,-0.7071067811865477,0.7071067811865474,2.0,1.5
2015-01-04 12:00:00,2015-01-04 21:00:00,180.0,1.2246467991473532e-16,-1.0,7.9,3.45,0.5,0.25,315.0,-0.7071067811865477,0.7071067811865474,2.0,1.5
2015-01-04 12:00:00,2015-01-05 00:00:00,180.0,1.2246467991473532e-16,-1.0,7.9,3.45,0.5,0.25,315.0,-0.7071067811865477,0.7071067811865474,2.0,1.5
2015-01-04 12:00:00,2015-01-05 03:00:00,180.0,1.2246467991473532e-16,-1.0,7.9,3.45,1.25,0.75,315.0,-0.7071067811865477,0.7071067811865474,2.0,1.5
2015-01-04 12:00:00,2015-01-05 06:00:00,180.0,1.2246467991473532e-16,-1.0,7.9,3.45,1.25,0.75,315.0,-0.7071067811865477,0.7071067811865474,2.0,1.5
2015-01-04 12:00:00,2015-01-05 09:00:00,180.0,1.2246467991473532e-16,-1.0,7.9,3.45,1.25,0.75,315.0,-0.7071067811865477,0.7071067811865474,2.0,1.5
2015-01-04 12:00:00,2015-01-05 12:00:00,180.0,1.2246467991473532e-16,-1.0,7.9,3.45,1.25,0.75,315.0,-0.7071067811865477,0.7071067811865474,2.0,1.5
2015-01-04 18:00:00,2015-01-04 18:00:00,112.5,0.9238795325112867,-0.3826834323650897,7.9,3.45,0.5,0.25,315.0,-0.7071067811865477,0.7071067811865474,2.0,1.5
2015-01-04 18:00:00,2015-01-04 21:00:00,112.5,0.9238795325112867,-0.3826834323650897,7.9,3.45,0.5,0.25,315.0,-0.7071067811865477,0.7071067811865474,2.0,1.5
2015-01-04 18:00:00,2015-01-05 00:00:00,112.5,0.9238795325112867,-0.3826834323650897,7.9,3.45,0.5,0.25,315.0,-0.7071067811865477,0.7071067811865474,2.0,1.5
2015-01-04 18:00:00,2015-01-05 03:00:00,112.5,0.9238795325112867,-0.3826834323650897,7.9,3.45,1.25,0.75,315.0,-0.7071067811865477,0.7071067811865474,2.0,1.5
2015-01-04 18:00:00,2015-01-05 06:00:00,112.5,0.9238795325112867,-0.3826834323650897,7.9,3.45,1.25,0.75,315.0,-0.7071067811865477,0.7071067811865474,2.0,1.5
2015-01-04 18:00:00,2015-01-05 09:00:00,112.5,0.9238795325112867,-0.3826834323650897,7.9,3.45,1.25,0.75,315.0,-0.7071067811865477,0.7071067811865474,2.0,1.5
2015-01-04 18:00:00,2015-01-05 12:00:00,112.5,0.9238795325112867,-0.3826834323650897,7.9,3.45,1.25,0.75,315.0,-0.7071067811865477,0.7071067811865474,2.0,1.5
2015-01-04 18:00:00,2015-01-05 15:00:00,112.5,0.9238795325112867,-0.3826834323650897,7.9,3.45,1.25,0.75,315.0,-0.7071067811865477,0.7071067811865474,2.0,1.5
2015-01-04 18:00:00,2015-01-05 18:00:00,112.5,0.9238795325112867,-0.3826834323650897,7.9,3.45,1.25,0.75,315.0,-0.7071067811865477,0.7071067811865474,2.0,1.5
2015-01-05 12:00:00,2015-01-05 12:00:00,180.0,0.0,-1.0,7.9,5.4,1.25,0.75,315.0,-0.7071067811865477,0.7071067811865474,2.0,1.5
2015-01-05 12:00:00,2015-01-05 15:00:00,None,None,None,3.3,2.5,1.25,0.75,315.0,-0.7071067811865477,0.7071067811865474,2.0,1.5
2015-01-05 12:00:00,2015-01-05 18:00:00,None,None,None,3.3,2.5,1.25,0.75,315.0,-0.7071067811865477,0.7071067811865474,2.0,1.5
2015-01-05 12:00:00,2015-01-05 21:00:00,270.0,-1.0,-1.8369701987210297e-16,7.9,5.4,1.25,0.75,315.0,-0.7071067811865477,0.7071067811865474,2.0,1.5
2015-01-05 12:00:00,2015-01-06 00:00:00,270.0,-1.0,-1.8369701987210297e-16,7.9,5.4,1.25,0.75,315.0,-0.7071067811865477,0.7071067811865474,2.0,1.5
2015-01-05 12:00:00,2015-01-06 03:00:00,270.0,-1.0,-1.8369701987210297e-16,7.9,5.4,1.25,0.75,315.0,-0.7071067811865477,0.7071067811865474,2.0,1.5
2015-01-05 12:00:00,2015-01-06 06:00:00,270.0,-1.0,-1.8369701987210297e-16,7.9,5.4,1.25,0.75,315.0,-0.7071067811865477,0.7071067811865474,2.0,1.5
2015-01-05 12:00:00,2015-01-06 09:00:00,270.0,-1.0,-1.8369701987210297e-16,7.9,5.4,1.25,0.75,315.0,-0.7071067811865477,0.7071067811865474,2.0,1.5
2015-01-05 12:00:00,2015-01-06 12:00:00,270.0,-1.0,-1.8369701987210297e-16,7.9,5.4,1.25,0.75,315.0,-0.7071067811865477,0.7071067811865474,2.0,1.5
2015-01-05 18:00:00,2015-01-05 18:00:00,270.0,-1.0,-1.8369701987210297e-16,7.9,5.4,1.25,0.75,315.0,-0.7071067811865477,0.7071067811865474,2.0,1.5
2015-01-05 18:00:00,2015-01-05 21:00:00,270.0,-1.0,-1.8369701987210297e-16,7.9,5.4,1.25,0.75,315.0,-0.7071067811865477,0.7071067811865474,2.0,1.5
2015-01-05 18:00:00,2015-01-06 00:00:00,270.0,-1.0,-1.8369701987210297e-16,7.9,5.4,1.25,0.75,315.0,-0.7071067811865477,0.7071067811865474,2.0,1.5
2015-01-05 18:00:00,2015-01-06 03:00:00,270.0,-1.0,-1.8369701987210297e-16,7.9,5.4,1.25,0.75,315.0,-0.7071067811865477,0.7071067811865474,2.0,1.5
2015-01-05 18:00:00,2015-01-06 06:00:00,270.0,-1.0,-1.8369701987210297e-16,7.9,5.4,1.25,0.75,315.0,-0.7071067811865477,0.7071067811865474,2.0,1.5
2015-01-05 18:00:00,2015-01-06 09:00:00,270.0,-1.0,-1.8369701987210297e-16,7.9,5.4,1.25,0.75,315.0,-0.7071067811865477,0.7071067811865474,2.0,1.5
2015-01-05 18:00:00,2015-01-06 12:00:00,270.0,-1.0,-1.8369701987210297e-16,7.9,5.4,1.25,0.75,315.0,-0.7071067811865477,0.7071067811865474,2.0,1.5
2015-01-05 18:00:00,2015-01-06 15:00:00,270.0,-1.0,-1.8369701987210297e-16,3.3,2.5,1.25,0.75,315.0,-0.7071067811865477,0.7071067811865474,2.0,1.5
2015-01-05 18:00:00,2015-01-06 18:00:00,270.0,-1.0,-1.8369701987210297e-16,3.3,2.5,1.25,0.75,315.0,-0.7071067811865477,0.7071067811865474,2.0,1.5
2015-01-06 12:00:00,2015-01-06 12:00:00,None,None,None,5.4,2.5,0.5,0.25,315.0,-0.7071067811865477,0.7071067811865474,2.0,1.5
2015-01-06 12:00:00,2015-01-06 15:00:00,None,None,None,5.4,2.5,0.5,0.25,315.0,-0.7071067811865477,0.7071067811865474,2.0,1.5
2015-01-06 12:00:00,2015-01-06 18:00:00,None,None,None,5.4,2.5,0.5,0.25,315.0,-0.7071067811865477,0.7071067811865474,2.0,1.5
2015-01-06 12:00:00,2015-01-06 21:00:00,None,None,None,5.4,2.5,0.5,0.25,315.0,-0.7071067811865477,0.7071067811865474,2.0,1.5
2015-01-06 12:00:00,2015-01-07 00:00:00,None,None,None,5.4,2.5,0.5,0.25,315.0,-0.7071067811865477,0.7071067811865474,2.0,1.5
2015-01-06 12:00:00,2015-01-07 03:00:00,None,None,None,5.4,2.5,0.5,0.25,315.0,-0.7071067811865477,0.7071067811865474,2.0,1.5
2015-01-06 12:00:00,2015-01-07 06:00:00,None,None,None,5.4,2.5,0.5,0.25,315.0,-0.7071067811865477,0.7071067811865474,2.0,1.5
2015-01-06 12:00:00,2015-01-07 09:00:00,None,None,None,5.4,2.5,0.5,0.25,315.0,-0.7071067811865477,0.7071067811865474,2.0,1.5
2015-01-06 12:00:00,2015-01-07 12:00:00,135.0,0.7071067811865476,-0.7071067811865475,7.9,4.4,0.5,0.25,315.0,-0.7071067811865477,0.7071067811865474,2.0,1.5
2015-01-06 18:00:00,2015-01-06 18:00:00,None,None,None,5.4,2.5,0.5,0.25,315.0,-0.7071067811865477,0.7071067811865474,None,None
2015-01-06 18:00:00,2015-01-06 21:00:00,None,None,None,5.4,2.5,0.5,0.25,315.0,-0.7071067811865477,0.7071067811865474,None,None
2015-01-06 18:00:00,2015-01-07 00:00:00,135.0,0.7071067811865476,-0.7071067811865475,7.9,6.7,0.5,0.25,315.0,-0.7071067811865477,0.7071067811865474,None,None
2015-01-06 18:00:00,2015-01-07 03:00:00,135.0,0.7071067811865476,-0.7071067811865475,7.9,6.7,0.5,0.25,315.0,-0.7071067811865477,0.7071067811865474,None,None
2015-01-06 18:00:00,2015-01-07 06:00:00,None,None,None,5.4,2.5,0.5,0.25,315.0,-0.7071067811865477,0.7071067811865474,None,None
2015-01-06 18:00:00,2015-01-07 09:00:00,None,None,None,5.4,2.5,0.5,0.25,315.0,-0.7071067811865477,0.7071067811865474,None,None
2015-01-06 18:00:00,2015-01-07 12:00:00,None,None,None,5.4,2.5,0.5,0.25,315.0,-0.7071067811865477,0.7071067811865474,None,None
2015-01-06 18:00:00,2015-01-07 15:00:00,None,None,None,5.4,2.5,0.5,0.25,315.0,-0.7071067811865477,0.7071067811865474,None,None
2015-01-06 18:00:00,2015-01-07 18:00:00,None,None,None,5.4,2.5,0.5,0.25,315.0,-0.7071067811865477,0.7071067811865474,None,None
2015-01-07 12:00:00,2015-01-07 12:00:00,135.0,0.7071067811865476,-0.7071067811865475,None,None,0.5,0.25,None,None,None,None,None
2015-01-07 12:00:00,2015-01-07 15:00:00,135.0,0.7071067811865476,-0.7071067811865475,None,None,0.5,0.25,None,None,None,None,None
2015-01-07 12:00:00,2015-01-07 18:00:00,135.0,0.7071067811865476,-0.7071067811865475,None,None,0.5,0.25,None,None,None,None,None
2015-01-07 12:00:00,2015-01-07 21:00:00,135.0,0.7071067811865476,-0.7071067811865475,None,None,0.5,0.25,None,None,None,None,None
2015-01-07 12:00:00,2015-01-08 00:00:00,135.0,0.7071067811865476,-0.7071067811865475,None,None,0.5,0.25,None,None,None,None,None
2015-01-07 12:00:00,2015-01-08 03:00:00,247.5,-0.9238795325112868,-0.3826834323650895,20.7,18.95,0.5,0.25,None,None,None,None,None
2015-01-07 12:00:00,2015-01-08 06:00:00,247.5,-0.9238795325112868,-0.3826834323650895,20.7,18.95,0.5,0.25,None,None,None,None,None
2015-01-07 12:00:00,2015-01-08 09:00:00,247.5,-0.9238795325112868,-0.3826834323650895,20.7,18.95,0.5,0.25,None,None,None,None,None
2015-01-07 12:00:00,2015-01-08 12:00:00,247.5,-0.9238795325112868,-0.3826834323650895,7.9,6.7,1.25,0.75,None,None,None,None,None
2015-01-07 18:00:00,2015-01-07 18:00:00,180.0,1.2246467991473532e-16,-1.0,None,None,0.5,0.25,315.0,-0.7071067811865477,0.7071067811865474,None,None
2015-01-07 18:00:00,2015-01-07 21:00:00,180.0,1.2246467991473532e-16,-1.0,None,None,0.5,0.25,315.0,-0.7071067811865477,0.7071067811865474,None,None
2015-01-07 18:00:00,2015-01-08 00:00:00,180.0,1.2246467991473532e-16,-1.0,None,None,0.5,0.25,315.0,-0.7071067811865477,0.7071067811865474,4.0,3.5
2015-01-07 18:00:00,2015-01-08 03:00:00,180.0,1.2246467991473532e-16,-1.0,20.7,12.175,1.25,0.75,315.0,-0.7071067811865477,0.7071067811865474,4.0,3.5
2015-01-07 18:00:00,2015-01-08 06:00:00,180.0,1.2246467991473532e-16,-1.0,20.7,12.175,1.25,0.75,315.0,-0.7071067811865477,0.7071067811865474,4.0,3.5
2015-01-07 18:00:00,2015-01-08 09:00:00,180.0,1.2246467991473532e-16,-1.0,20.7,12.175,1.25,0.75,315.0,-0.7071067811865477,0.7071067811865474,4.0,3.5
2015-01-07 18:00:00,2015-01-08 12:00:00,180.0,1.2246467991473532e-16,-1.0,20.7,12.175,1.25,0.75,315.0,-0.7071067811865477,0.7071067811865474,4.0,3.5
2015-01-07 18:00:00,2015-01-08 15:00:00,180.0,1.2246467991473532e-16,-1.0,20.7,12.175,1.25,0.75,315.0,-0.7071067811865477,0.7071067811865474,4.0,3.5
2015-01-07 18:00:00,2015-01-08 18:00:00,180.0,1.2246467991473532e-16,-1.0,20.7,12.175,1.25,0.75,315.0,-0.7071067811865477,0.7071067811865474,4.0,3.5
2015-01-08 12:00:00,2015-01-08 12:00:00,247.5,-0.9238795325112868,-0.3826834323650895,10.7,6.875,1.25,0.75,315.0,-0.7071067811865477,0.7071067811865474,3.0,None
2015-01-08 12:00:00,2015-01-08 15:00:00,247.5,-0.9238795325112868,-0.3826834323650895,10.7,6.875,1.25,0.75,315.0,-0.7071067811865477,0.7071067811865474,3.0,None
2015-01-08 12:00:00,2015-01-08 18:00:00,247.5,-0.9238795325112868,-0.3826834323650895,10.7,6.875,1.25,0.75,315.0,-0.7071067811865477,0.7071067811865474,3.0,None
2015-01-08 12:00:00,2015-01-08 21:00:00,247.5,-0.9238795325112868,-0.3826834323650895,10.7,6.875,1.25,0.75,315.0,-0.7071067811865477,0.7071067811865474,3.0,None
2015-01-08 12:00:00,2015-01-09 00:00:00,247.5,-0.9238795325112868,-0.3826834323650895,10.7,6.875,1.25,0.75,315.0,-0.7071067811865477,0.7071067811865474,3.0,None
2015-01-08 12:00:00,2015-01-09 03:00:00,247.5,-0.9238795325112868,-0.3826834323650895,10.7,6.875,1.25,0.75,315.0,-0.7071067811865477,0.7071067811865474,3.0,None
2015-01-08 12:00:00,2015-01-09 06:00:00,247.5,-0.9238795325112868,-0.3826834323650895,10.7,6.875,1.25,0.75,315.0,-0.7071067811865477,0.7071067811865474,3.0,None
2015-01-08 12:00:00,2015-01-09 09:00:00,247.5,-0.9238795325112868,-0.3826834323650895,10.7,6.875,1.25,0.75,315.0,-0.7071067811865477,0.7071067811865474,3.0,None
2015-01-08 12:00:00,2015-01-09 12:00:00,247.5,-0.9238795325112868,-0.3826834323650895,10.7,6.875,1.25,0.75,315.0,-0.7071067811865477,0.7071067811865474,3.0,None
2015-01-08 18:00:00,2015-01-08 18:00:00,247.5,-0.9238795325112868,-0.3826834323650895,10.7,6.875,1.25,0.75,315.0,-0.7071067811865477,0.7071067811865474,3.0,None
2015-01-08 18:00:00,2015-01-08 21:00:00,247.5,-0.9238795325112868,-0.3826834323650895,10.7,6.875,1.25,0.75,315.0,-0.7071067811865477,0.7071067811865474,3.0,None
2015-01-08 18:00:00,2015-01-09 00:00:00,247.5,-0.9238795325112868,-0.3826834323650895,10.7,6.875,1.25,0.75,315.0,-0.7071067811865477,0.7071067811865474,3.0,None
2015-01-08 18:00:00,2015-01-09 03:00:00,247.5,-0.9238795325112868,-0.3826834323650895,10.7,6.875,1.25,0.75,315.0,-0.7071067811865477,0.7071067811865474,3.0,None
2015-01-08 18:00:00,2015-01-09 06:00:00,247.5,-0.9238795325112868,-0.3826834323650895,10.7,6.875,1.25,0.75,315.0,-0.7071067811865477,0.7071067811865474,3.0,None
2015-01-08 18:00:00,2015-01-09 09:00:00,247.5,-0.9238795325112868,-0.3826834323650895,10.7,6.875,1.25,0.75,315.0,-0.7071067811865477,0.7071067811865474,3.0,None
2015-01-08 18:00:00,2015-01-09 12:00:00,247.5,-0.9238795325112868,-0.3826834323650895,10.7,6.875,1.25,0.75,315.0,-0.7071067811865477,0.7071067811865474,3.0,None
2015-01-08 18:00:00,2015-01-09 15:00:00,247.5,-0.9238795325112868,-0.3826834323650895,10.7,6.875,1.25,0.75,315.0,-0.7071067811865477,0.7071067811865474,3.0,None
2015-01-08 18:00:00,2015-01-09 18:00:00,None,None,None,3.3,1.5,1.25,0.75,315.0,-0.7071067811865477,0.7071067811865474,3.0,None
2015-01-09 12:00:00,2015-01-09 12:00:00,270.0,-1.0,-1.8369701987210297e-16,7.9,4.4,1.25,0.75,315.0,-0.7071067811865477,0.7071067811865474,None,None
2015-01-09 12:00:00,2015-01-09 15:00:00,270.0,-1.0,-1.8369701987210297e-16,5.4,3.3,1.25,0.75,315.0,-0.7071067811865477,0.7071067811865474,None,None
2015-01-09 12:00:00,2015-01-09 18:00:00,270.0,-1.0,-1.8369701987210297e-16,5.4,3.3,1.25,0.75,315.0,-0.7071067811865477,0.7071067811865474,None,None
2015-01-09 12:00:00,2015-01-09 21:00:00,270.0,-1.0,-1.8369701987210297e-16,5.4,3.3,1.25,0.75,315.0,-0.7071067811865477,0.7071067811865474,None,None
2015-01-09 12:00:00,2015-01-10 00:00:00,270.0,-1.0,-1.8369701987210297e-16,5.4,3.3,1.25,0.75,315.0,-0.7071067811865477,0.7071067811865474,None,None
2015-01-09 12:00:00,2015-01-10 03:00:00,270.0,-1.0,-1.8369701987210297e-16,5.4,3.3,1.25,0.75,315.0,-0.7071067811865477,0.7071067811865474,None,None
2015-01-09 12:00:00,2015-01-10 06:00:00,270.0,-1.0,-1.8369701987210297e-16,5.4,3.3,1.25,0.75,315.0,-0.7071067811865477,0.7071067811865474,None,None
2015-01-09 12:00:00,2015-01-10 09:00:00,270.0,-1.0,-1.8369701987210297e-16,7.9,5.4,1.25,0.75,315.0,-0.7071067811865477,0.7071067811865474,None,None
2015-01-09 12:00:00,2015-01-10 12:00:00,270.0,-1.0,-1.8369701987210297e-16,7.9,5.4,1.25,0.75,315.0,-0.7071067811865477,0.7071067811865474,None,None
2015-01-09 18:00:00,2015-01-09 18:00:00,270.0,-1.0,-1.8369701987210297e-16,5.4,3.3,0.5,0.25,315.0,-0.7071067811865477,0.7071067811865474,None,None
2015-01-09 18:00:00,2015-01-09 21:00:00,270.0,-1.0,-1.8369701987210297e-16,5.4,3.3,0.5,0.25,315.0,-0.7071067811865477,0.7071067811865474,None,None
2015-01-09 18:00:00,2015-01-10 00:00:00,270.0,-1.0,-1.8369701987210297e-16,5.4,3.3,0.5,0.25,315.0,-0.7071067811865477,0.7071067811865474,None,None
2015-01-09 18:00:00,2015-01-10 03:00:00,270.0,-1.0,-1.8369701987210297e-16,5.4,3.3,0.5,0.25,315.0,-0.7071067811865477,0.7071067811865474,None,None
2015-01-09 18:00:00,2015-01-10 06:00:00,270.0,-1.0,-1.8369701987210297e-16,5.4,3.3,0.5,0.25,315.0,-0.7071067811865477,0.7071067811865474,None,None
2015-01-09 18:00:00,2015-01-10 09:00:00,270.0,-1.0,-1.8369701987210297e-16,7.9,5.4,1.25,0.75,315.0,-0.7071067811865477,0.7071067811865474,None,None
2015-01-09 18:00:00,2015-01-10 12:00:00,270.0,-1.0,-1.8369701987210297e-16,7.9,5.4,1.25,0.75,315.0,-0.7071067811865477,0.7071067811865474,None,None
2015-01-09 18:00:00,2015-01-10 15:00:00,270.0,-1.0,-1.8369701987210297e-16,7.9,5.4,1.25,0.75,315.0,-0.7071067811865477,0.7071067811865474,None,None
2015-01-09 18:00:00,2015-01-10 18:00:00,270.0,-1.0,-1.8369701987210297e-16,7.9,5.4,1.25,0.75,315.0,-0.7071067811865477,0.7071067811865474,None,None
2015-01-10 12:00:00,2015-01-10 12:00:00,247.5,-0.9238795325112868,-0.3826834323650895,10.7,6.7,1.25,0.75,315.0,-0.7071067811865477,0.7071067811865474,3.0,2.5
2015-01-10 12:00:00,2015-01-10 15:00:00,247.5,-0.9238795325112868,-0.3826834323650895,10.7,6.7,1.25,0.75,315.0,-0.7071067811865477,0.7071067811865474,3.0,2.5
2015-01-10 12:00:00,2015-01-10 18:00:00,247.5,-0.9238795325112868,-0.3826834323650895,10.7,6.7,1.25,0.75,315.0,-0.7071067811865477,0.7071067811865474,3.0,2.5
2015-01-10 12:00:00,2015-01-10 21:00:00,247.5,-0.9238795325112868,-0.3826834323650895,10.7,6.7,1.25,0.75,315.0,-0.7071067811865477,0.7071067811865474,3.0,2.5
2015-01-10 12:00:00,2015-01-11 00:00:00,247.5,-0.9238795325112868,-0.3826834323650895,10.7,6.7,1.25,0.75,315.0,-0.7071067811865477,0.7071067811865474,3.0,2.5
2015-01-10 12:00:00,2015-01-11 03:00:00,247.5,-0.9238795325112868,-0.3826834323650895,10.7,6.7,1.25,0.75,315.0,-0.7071067811865477,0.7071067811865474,3.0,2.5
2015-01-10 12:00:00,2015-01-11 06:00:00,247.5,-0.9238795325112868,-0.3826834323650895,10.7,6.7,1.25,0.75,315.0,-0.7071067811865477,0.7071067811865474,3.0,2.5
2015-01-10 12:00:00,2015-01-11 09:00:00,247.5,-0.9238795325112868,-0.3826834323650895,10.7,6.7,1.25,0.75,315.0,-0.7071067811865477,0.7071067811865474,3.0,2.5
2015-01-10 12:00:00,2015-01-11 12:00:00,247.5,-0.9238795325112868,-0.3826834323650895,10.7,6.7,1.25,0.75,315.0,-0.7071067811865477,0.7071067811865474,3.0,2.5
2015-01-10 18:00:00,2015-01-10 18:00:00,247.5,-0.9238795325112868,-0.3826834323650895,10.7,6.7,2.5,1.25,315.0,-0.7071067811865477,0.7071067811865474,3.0,2.5
2015-01-10 18:00:00,2015-01-10 21:00:00,247.5,-0.9238795325112868,-0.3826834323650895,10.7,6.7,2.5,1.25,315.0,-0.7071067811865477,0.7071067811865474,3.0,2.5
2015-01-10 18:00:00,2015-01-11 00:00:00,247.5,-0.9238795325112868,-0.3826834323650895,10.7,6.7,2.5,1.25,315.0,-0.7071067811865477,0.7071067811865474,3.0,2.5
2015-01-10 18:00:00,2015-01-11 03:00:00,90.0,1.0,6.123233995736766e-17,13.8,12.3,2.5,1.25,315.0,-0.7071067811865477,0.7071067811865474,3.0,2.5
2015-01-10 18:00:00,2015-01-11 06:00:00,90.0,1.0,6.123233995736766e-17,13.8,12.3,2.5,1.25,315.0,-0.7071067811865477,0.7071067811865474,3.0,2.5
2015-01-10 18:00:00,2015-01-11 09:00:00,90.0,1.0,6.123233995736766e-17,13.8,12.3,2.5,1.25,315.0,-0.7071067811865477,0.7071067811865474,3.0,2.5
2015-01-10 18:00:00,2015-01-11 12:00:00,90.0,1.0,6.123233995736766e-17,13.8,12.3,2.5,1.25,315.0,-0.7071067811865477,0.7071067811865474,3.0,2.5
2015-01-10 18:00:00,2015-01-11 15:00:00,90.0,1.0,6.123233995736766e-17,13.8,12.3,2.5,1.25,315.0,-0.7071067811865477,0.7071067811865474,3.0,2.5
2015-01-10 18:00:00,2015-01-11 18:00:00,90.0,1.0,6.123233995736766e-17,13.8,12.3,2.5,1.25,315.0,-0.7071067811865477,0.7071067811865474,3.0,2.5
2015-01-11 12:00:00,2015-01-11 12:00:00,90.0,1.0,6.123233995736766e-17,7.9,5.4,1.25,0.75,315.0,-0.7071067811865477,0.7071067811865474,4.0,3.5
2015-01-11 12:00:00,2015-01-11 15:00:00,90.0,1.0,6.123233995736766e-17,7.9,5.4,1.25,0.75,315.0,-0.7071067811865477,0.7071067811865474,4.0,3.5
2015-01-11 12:00:00,2015-01-11 18:00:00,90.0,1.0,6.123233995736766e-17,7.9,5.4,1.25,0.75,315.0,-0.7071067811865477,0.7071067811865474,4.0,3.5
2015-01-11 12:00:00,2015-01-11 21:00:00,90.0,1.0,6.123233995736766e-17,7.9,5.4,1.25,0.75,315.0,-0.7071067811865477,0.7071067811865474,4.0,3.5
2015-01-11 12:00:00,2015-01-12 00:00:00,90.0,1.0,6.123233995736766e-17,7.9,5.4,1.25,0.75,315.0,-0.7071067811865477,0.7071067811865474,4.0,3.5
2015-01-11 12:00:00,2015-01-12 03:00:00,224.99999999999997,-0.7071067811865475,-0.7071067811865477,7.9,5.4,1.25,0.75,315.0,-0.7071067811865477,0.7071067811865474,4.0,3.5
2015-01-11 12:00:00,2015-01-12 06:00:00,224.99999999999997,-0.7071067811865475,-0.7071067811865477,7.9,5.4,1.25,0.75,315.0,-0.7071067811865477,0.7071067811865474,4.0,3.5
2015-01-11 12:00:00,2015-01-12 09:00:00,224.99999999999997,-0.7071067811865475,-0.7071067811865477,7.9,5.4,1.25,0.75,315.0,-0.7071067811865477,0.7071067811865474,4.0,3.5
2015-01-11 12:00:00,2015-01-12 12:00:00,None,None,None,3.3,2.5,1.25,0.75,315.0,-0.7071067811865477,0.7071067811865474,4.0,3.5
2015-01-11 18:00:00,2015-01-11 18:00:00,128.98173804945063,0.7773465059999679,-0.6290726584502317,7.9,4.542857142857144,1.25,0.75,315.0,-0.7071067811865477,0.7071067811865474,5.0,4.5
2015-01-11 18:00:00,2015-01-11 21:00:00,128.98173804945063,0.7773465059999679,-0.6290726584502317,7.9,4.542857142857144,1.25,0.75,315.0,-0.7071067811865477,0.7071067811865474,5.0,4.5
2015-01-11 18:00:00,2015-01-12 00:00:00,128.98173804945063,0.7773465059999679,-0.6290726584502317,7.9,4.542857142857144,1.25,0.75,315.0,-0.7071067811865477,0.7071067811865474,5.0,4.5
2015-01-11 18:00:00,2015-01-12 03:00:00,128.98173804945063,0.7773465059999679,-0.6290726584502317,7.9,4.542857142857144,1.25,0.75,315.0,-0.7071067811865477,0.7071067811865474,5.0,4.5
2015-01-11 18:00:00,2015-01-12 06:00:00,128.98173804945063,0.7773465059999679,-0.6290726584502317,7.9,4.542857142857144,1.25,0.75,315.0,-0.7071067811865477,0.7071067811865474,5.0,4.5
2015-01-11 18:00:00,2015-01-12 09:00:00,128.98173804945063,0.7773465059999679,-0.6290726584502317,7.9,4.542857142857144,1.25,0.75,315.0,-0.7071067811865477,0.7071067811865474,5.0,4.5
2015-01-11 18:00:00,2015-01-12 12:00:00,128.98173804945063,0.7773465059999679,-0.6290726584502317,7.9,4.542857142857144,1.25,0.75,315.0,-0.7071067811865477,0.7071067811865474,5.0,4.5
2015-01-11 18:00:00,2015-01-12 15:00:00,128.98173804945063,0.7773465059999679,-0.6290726584502317,7.9,4.542857142857144,1.25,0.75,315.0,-0.7071067811865477,0.7071067811865474,5.0,4.5
2015-01-11 18:00:00,2015-01-12 18:00:00,128.98173804945063,0.7773465059999679,-0.6290726584502317,7.9,4.542857142857144,1.25,0.75,315.0,-0.7071067811865477,0.7071067811865474,5.0,4.5
2015-01-12 12:00:00,2015-01-12 12:00:00,None,None,None,5.4,3.3,0.5,0.25,315.0,-0.7071067811865477,0.7071067811865474,4.0,3.5
2015-01-12 12:00:00,2015-01-12 15:00:00,None,None,None,5.4,3.3,0.5,0.25,315.0,-0.7071067811865477,0.7071067811865474,4.0,3.5
2015-01-12 12:00:00,2015-01-12 18:00:00,None,None,None,5.4,3.3,0.5,0.25,315.0,-0.7071067811865477,0.7071067811865474,4.0,3.5
2015-01-12 12:00:00,2015-01-12 21:00:00,224.99999999999997,-0.7071067811865475,-0.7071067811865477,7.9,6.7,0.5,0.25,315.0,-0.7071067811865477,0.7071067811865474,3.0,2.5
2015-01-12 12:00:00,2015-01-13 00:00:00,224.99999999999997,-0.7071067811865475,-0.7071067811865477,7.9,6.7,0.5,0.25,315.0,-0.7071067811865477,0.7071067811865474,3.0,2.5
2015-01-12 12:00:00,2015-01-13 03:00:00,224.99999999999997,-0.7071067811865475,-0.7071067811865477,7.9,6.7,1.25,0.75,315.0,-0.7071067811865477,0.7071067811865474,3.0,2.5
2015-01-12 12:00:00,2015-01-13 06:00:00,270.0,-1.0,-1.8369701987210297e-16,7.9,6.7,1.25,0.75,315.0,-0.7071067811865477,0.7071067811865474,3.0,2.5
2015-01-12 12:00:00,2015-01-13 09:00:00,270.0,-1.0,-1.8369701987210297e-16,7.9,6.7,2.5,1.75,315.0,-0.7071067811865477,0.7071067811865474,3.0,2.5
2015-01-12 12:00:00,2015-01-13 12:00:00,270.0,-1.0,-1.8369701987210297e-16,7.9,6.7,2.5,1.75,315.0,-0.7071067811865477,0.7071067811865474,3.0,2.5
2015-01-12 18:00:00,2015-01-12 18:00:00,224.99999999999997,-0.7071067811865475,-0.7071067811865477,7.9,6.7,1.25,0.75,315.0,-0.7071067811865477,0.7071067811865474,4.0,3.5
2015-01-12 18:00:00,2015-01-12 21:00:00,224.99999999999997,-0.7071067811865475,-0.7071067811865477,7.9,6.7,1.25,0.75,315.0,-0.7071067811865477,0.7071067811865474,3.0,2.5
2015-01-12 18:00:00,2015-01-13 00:00:00,224.99999999999997,-0.7071067811865475,-0.7071067811865477,7.9,6.7,1.25,0.75,315.0,-0.7071067811865477,0.7071067811865474,3.0,2.5
2015-01-12 18:00:00,2015-01-13 03:00:00,224.99999999999997,-0.7071067811865475,-0.7071067811865477,7.9,6.7,1.25,0.75,315.0,-0.7071067811865477,0.7071067811865474,3.0,2.5
2015-01-12 18:00:00,2015-01-13 06:00:00,224.99999999999997,-0.7071067811865475,-0.7071067811865477,7.9,6.7,1.25,0.75,315.0,-0.7071067811865477,0.7071067811865474,3.0,2.5
2015-01-12 18:00:00,2015-01-13 09:00:00,224.99999999999997,-0.7071067811865475,-0.7071067811865477,7.9,6.7,2.5,1.75,315.0,-0.7071067811865477,0.7071067811865474,3.0,2.5
2015-01-12 18:00:00,2015-01-13 12:00:00,270.0,-1.0,-1.8369701987210297e-16,7.9,6.7,2.5,1.75,315.0,-0.7071067811865477,0.7071067811865474,3.0,2.5
2015-01-12 18:00:00,2015-01-13 15:00:00,270.0,-1.0,-1.8369701987210297e-16,7.9,6.7,2.5,1.75,315.0,-0.7071067811865477,0.7071067811865474,3.0,2.5
2015-01-12 18:00:00,2015-01-13 18:00:00,270.0,-1.0,-1.8369701987210297e-16,7.9,6.7,2.5,1.75,315.0,-0.7071067811865477,0.7071067811865474,3.0,2.5
2015-01-13 12:00:00,2015-01-13 12:00:00,247.5,-0.9238795325112868,-0.3826834323650895,10.7,7.375,1.25,0.75,315.0,-0.7071067811865477,0.7071067811865474,4.0,3.4
2015-01-13 12:00:00,2015-01-13 15:00:00,247.5,-0.9238795325112868,-0.3826834323650895,10.7,7.375,1.25,0.75,315.0,-0.7071067811865477,0.7071067811865474,4.0,3.4
2015-01-13 12:00:00,2015-01-13 18:00:00,247.5,-0.9238795325112868,-0.3826834323650895,10.7,7.375,1.25,0.75,315.0,-0.7071067811865477,0.7071067811865474,4.0,3.4
2015-01-13 12:00:00,2015-01-13 21:00:00,247.5,-0.9238795325112868,-0.3826834323650895,10.7,7.375,1.25,0.75,315.0,-0.7071067811865477,0.7071067811865474,4.0,3.4
2015-01-13 12:00:00,2015-01-14 00:00:00,247.5,-0.9238795325112868,-0.3826834323650895,10.7,7.375,1.25,0.75,315.0,-0.7071067811865477,0.7071067811865474,4.0,3.4
2015-01-13 12:00:00,2015-01-14 03:00:00,247.5,-0.9238795325112868,-0.3826834323650895,10.7,7.375,1.25,0.75,315.0,-0.7071067811865477,0.7071067811865474,4.0,3.4
2015-01-13 12:00:00,2015-01-14 06:00:00,247.5,-0.9238795325112868,-0.3826834323650895,10.7,7.375,1.25,0.75,315.0,-0.7071067811865477,0.7071067811865474,4.0,3.4
2015-01-13 12:00:00,2015-01-14 09:00:00,247.5,-0.9238795325112868,-0.3826834323650895,10.7,7.375,1.25,0.75,315.0,-0.7071067811865477,0.7071067811865474,4.0,3.4
2015-01-13 12:00:00,2015-01-14 12:00:00,247.5,-0.9238795325112868,-0.3826834323650895,10.7,7.375,1.25,0.75,315.0,-0.7071067811865477,0.7071067811865474,4.0,3.4
2015-01-13 18:00:00,2015-01-13 18:00:00,247.5,-0.9238795325112868,-0.3826834323650895,10.7,7.375,1.25,0.75,315.0,-0.7071067811865477,0.7071067811865474,4.0,3.4
2015-01-13 18:00:00,2015-01-13 21:00:00,247.5,-0.9238795325112868,-0.3826834323650895,10.7,7.375,1.25,0.75,315.0,-0.7071067811865477,0.7071067811865474,4.0,3.4
2015-01-13 18:00:00,2015-01-14 00:00:00,247.5,-0.9238795325112868,-0.3826834323650895,10.7,7.375,1.25,0.75,315.0,-0.7071067811865477,0.7071067811865474,4.0,3.4
2015-01-13 18:00:00,2015-01-14 03:00:00,247.5,-0.9238795325112868,-0.3826834323650895,10.7,7.375,1.25,0.75,315.0,-0.7071067811865477,0.7071067811865474,4.0,3.4
2015-01-13 18:00:00,2015-01-14 06:00:00,180.0,1.2246467991473532e-16,-1.0,7.9,5.4,1.25,0.75,315.0,-0.7071067811865477,0.7071067811865474,4.0,3.4
2015-01-13 18:00:00,2015-01-14 09:00:00,180.0,1.2246467991473532e-16,-1.0,7.9,5.4,1.25,0.75,315.0,-0.7071067811865477,0.7071067811865474,4.0,3.4
2015-01-13 18:00:00,2015-01-14 12:00:00,180.0,1.2246467991473532e-16,-1.0,7.9,5.4,1.25,0.75,315.0,-0.7071067811865477,0.7071067811865474,4.0,3.4
2015-01-13 18:00:00,2015-01-14 15:00:00,180.0,1.2246467991473532e-16,-1.0,7.9,5.4,1.25,0.75,315.0,-0.7071067811865477,0.7071067811865474,4.0,3.4
2015-01-13 18:00:00,2015-01-14 18:00:00,180.0,1.2246467991473532e-16,-1.0,7.9,5.4,1.25,0.75,315.0,-0.7071067811865477,0.7071067811865474,4.0,3.4
2015-01-14 12:00:00,2015-01-14 12:00:00,180.0,1.2246467991473532e-16,-1.0,7.9,4.4,1.25,0.75,315.0,-0.7071067811865477,0.7071067811865474,None,None
2015-01-14 12:00:00,2015-01-14 15:00:00,180.0,1.2246467991473532e-16,-1.0,7.9,4.4,1.25,0.75,315.0,-0.7071067811865477,0.7071067811865474,None,None
2015-01-14 12:00:00,2015-01-14 18:00:00,180.0,1.2246467991473532e-16,-1.0,7.9,4.4,1.25,0.75,315.0,-0.7071067811865477,0.7071067811865474,None,None
2015-01-14 12:00:00,2015-01-14 21:00:00,180.0,1.2246467991473532e-16,-1.0,7.9,4.4,1.25,0.75,315.0,-0.7071067811865477,0.7071067811865474,None,None
2015-01-14 12:00:00,2015-01-15 00:00:00,180.0,1.2246467991473532e-16,-1.0,7.9,4.4,1.25,0.75,315.0,-0.7071067811865477,0.7071067811865474,None,None
2015-01-14 12:00:00,2015-01-15 03:00:00,180.0,1.2246467991473532e-16,-1.0,7.9,4.4,1.25,0.75,315.0,-0.7071067811865477,0.7071067811865474,None,None
2015-01-14 12:00:00,2015-01-15 06:00:00,180.0,1.2246467991473532e-16,-1.0,7.9,4.4,1.25,0.75,315.0,-0.7071067811865477,0.7071067811865474,None,None
2015-01-14 12:00:00,2015-01-15 09:00:00,180.0,1.2246467991473532e-16,-1.0,7.9,4.4,1.25,0.75,315.0,-0.7071067811865477,0.7071067811865474,None,None
2015-01-14 12:00:00,2015-01-15 12:00:00,224.99999999999997,-0.7071067811865475,-0.7071067811865477,10.7,7.9,2.5,1.75,315.0,-0.7071067811865477,0.7071067811865474,None,None
2015-01-14 18:00:00,2015-01-14 18:00:00,180.0,1.2246467991473532e-16,-1.0,7.9,4.4,1.25,0.75,315.0,-0.7071067811865477,0.7071067811865474,None,None
2015-01-14 18:00:00,2015-01-14 21:00:00,224.99999999999997,-0.7071067811865475,-0.7071067811865477,10.7,7.9,2.5,1.75,315.0,-0.7071067811865477,0.7071067811865474,None,None
2015-01-14 18:00:00,2015-01-15 00:00:00,224.99999999999997,-0.7071067811865475,-0.7071067811865477,10.7,7.9,2.5,1.75,315.0,-0.7071067811865477,0.7071067811865474,None,None
2015-01-14 18:00:00,2015-01-15 03:00:00,224.99999999999997,-0.7071067811865475,-0.7071067811865477,10.7,7.9,2.5,1.75,315.0,-0.7071067811865477,0.7071067811865474,None,None
2015-01-14 18:00:00,2015-01-15 06:00:00,224.99999999999997,-0.7071067811865475,-0.7071067811865477,10.7,7.9,2.5,1.75,315.0,-0.7071067811865477,0.7071067811865474,None,None
2015-01-14 18:00:00,2015-01-15 09:00:00,224.99999999999997,-0.7071067811865475,-0.7071067811865477,10.7,7.9,2.5,1.75,315.0,-0.7071067811865477,0.7071067811865474,None,None
2015-01-14 18:00:00,2015-01-15 12:00:00,224.99999999999997,-0.7071067811865475,-0.7071067811865477,10.7,7.9,2.5,1.75,315.0,-0.7071067811865477,0.7071067811865474,None,None
2015-01-14 18:00:00,2015-01-15 15:00:00,224.99999999999997,-0.7071067811865475,-0.7071067811865477,10.7,7.9,2.5,1.75,315.0,-0.7071067811865477,0.7071067811865474,None,None
2015-01-14 18:00:00,2015-01-15 18:00:00,270.0,-1.0,-1.8369701987210297e-16,10.7,7.9,2.5,1.75,315.0,-0.7071067811865477,0.7071067811865474,None,None
2015-01-15 12:00:00,2015-01-15 12:00:00,270.0,-1.0,-1.8369701987210297e-16,10.7,6.7,1.25,0.75,315.0,-0.7071067811865477,0.7071067811865474,5.0,4.5
2015-01-15 12:00:00,2015-01-15 15:00:00,270.0,-1.0,-1.8369701987210297e-16,10.7,6.7,1.25,0.75,315.0,-0.7071067811865477,0.7071067811865474,5.0,4.5
2015-01-15 12:00:00,2015-01-15 18:00:00,270.0,-1.0,-1.8369701987210297e-16,10.7,6.7,1.25,0.75,315.0,-0.7071067811865477,0.7071067811865474,5.0,4.5
2015-01-15 12:00:00,2015-01-15 21:00:00,270.0,-1.0,-1.8369701987210297e-16,10.7,6.7,1.25,0.75,315.0,-0.7071067811865477,0.7071067811865474,5.0,4.5
2015-01-15 12:00:00,2015-01-16 00:00:00,270.0,-1.0,-1.8369701987210297e-16,10.7,6.7,1.25,0.75,315.0,-0.7071067811865477,0.7071067811865474,5.0,4.5
2015-01-15 12:00:00,2015-01-16 03:00:00,270.0,-1.0,-1.8369701987210297e-16,17.1,13.8,4.0,3.125,315.0,-0.7071067811865477,0.7071067811865474,5.0,4.5
2015-01-15 12:00:00,2015-01-16 06:00:00,270.0,-1.0,-1.8369701987210297e-16,17.1,13.8,4.0,3.125,315.0,-0.7071067811865477,0.7071067811865474,5.0,4.5
2015-01-15 12:00:00,2015-01-16 09:00:00,270.0,-1.0,-1.8369701987210297e-16,17.1,13.8,4.0,3.125,315.0,-0.7071067811865477,0.7071067811865474,5.0,4.5
2015-01-15 12:00:00,2015-01-16 12:00:00,270.0,-1.0,-1.8369701987210297e-16,17.1,13.8,4.0,3.125,315.0,-0.7071067811865477,0.7071067811865474,5.0,4.5
2015-01-15 18:00:00,2015-01-15 18:00:00,None,None,None,10.7,7.9,1.25,0.75,315.0,-0.7071067811865477,0.7071067811865474,None,None
2015-01-15 18:00:00,2015-01-15 21:00:00,None,None,None,10.7,7.9,1.25,0.75,315.0,-0.7071067811865477,0.7071067811865474,None,None
2015-01-15 18:00:00,2015-01-16 00:00:00,292.5,-0.9238795325112867,0.38268343236509006,7.9,5.4,1.25,0.75,315.0,-0.7071067811865477,0.7071067811865474,None,None
2015-01-15 18:00:00,2015-01-16 03:00:00,292.5,-0.9238795325112867,0.38268343236509006,7.9,5.4,1.25,0.75,315.0,-0.7071067811865477,0.7071067811865474,None,None
2015-01-15 18:00:00,2015-01-16 06:00:00,292.5,-0.9238795325112867,0.38268343236509006,7.9,5.4,1.25,0.75,315.0,-0.7071067811865477,0.7071067811865474,None,None
2015-01-15 18:00:00,2015-01-16 09:00:00,292.5,-0.9238795325112867,0.38268343236509006,17.1,13.8,4.0,3.125,315.0,-0.7071067811865477,0.7071067811865474,None,None
2015-01-15 18:00:00,2015-01-16 12:00:00,292.5,-0.9238795325112867,0.38268343236509006,17.1,13.8,4.0,3.125,315.0,-0.7071067811865477,0.7071067811865474,None,None
2015-01-15 18:00:00,2015-01-16 15:00:00,292.5,-0.9238795325112867,0.38268343236509006,17.1,13.8,4.0,3.125,315.0,-0.7071067811865477,0.7071067811865474,None,None
2015-01-15 18:00:00,2015-01-16 18:00:00,292.5,-0.9238795325112867,0.38268343236509006,17.1,13.8,4.0,3.125,315.0,-0.7071067811865477,0.7071067811865474,None,None
2015-01-16 12:00:00,2015-01-16 12:00:00,None,None,None,17.1,15.5,4.0,1.8875,315.0,-0.7071067811865477,0.7071067811865474,5.0,3.6
2015-01-16 12:00:00,2015-01-16 15:00:00,None,None,None,17.1,15.5,4.0,1.8875,315.0,-0.7071067811865477,0.7071067811865474,5.0,3.6
2015-01-16 12:00:00,2015-01-16 18:00:00,None,None,None,17.1,15.5,4.0,1.8875,315.0,-0.7071067811865477,0.7071067811865474,5.0,3.6
2015-01-16 12:00:00,2015-01-16 21:00:00,None,None,None,17.1,15.5,4.0,1.8875,315.0,-0.7071067811865477,0.7071067811865474,5.0,3.6
2015-01-16 12:00:00,2015-01-17 00:00:00,None,None,None,17.1,15.5,4.0,1.8875,315.0,-0.7071067811865477,0.7071067811865474,5.0,3.6
2015-01-16 12:00:00,2015-01-17 03:00:00,None,None,None,17.1,15.5,4.0,1.8875,315.0,-0.7071067811865477,0.7071067811865474,5.0,3.6
2015-01-16 12:00:00,2015-01-17 06:00:00,None,None,None,17.1,15.5,4.0,1.8875,315.0,-0.7071067811865477,0.7071067811865474,5.0,3.6
2015-01-16 12:00:00,2015-01-17 09:00:00,None,None,None,17.1,15.5,4.0,1.8875,315.0,-0.7071067811865477,0.7071067811865474,5.0,3.6
2015-01-16 12:00:00,2015-01-17 12:00:00,None,None,None,17.1,15.5,4.0,1.8875,315.0,-0.7071067811865477,0.7071067811865474,5.0,3.6
2015-01-16 18:00:00,2015-01-16 18:00:00,270.0,-1.0,-1.8369701987210297e-16,13.8,9.35,2.5,1.75,315.0,-0.7071067811865477,0.7071067811865474,5.0,3.6
2015-01-16 18:00:00,2015-01-16 21:00:00,270.0,-1.0,-1.8369701987210297e-16,13.8,9.35,2.5,1.75,315.0,-0.7071067811865477,0.7071067811865474,5.0,3.6
2015-01-16 18:00:00,2015-01-17 00:00:00,270.0,-1.0,-1.8369701987210297e-16,13.8,9.35,2.5,1.75,315.0,-0.7071067811865477,0.7071067811865474,5.0,3.6
2015-01-16 18:00:00,2015-01-17 03:00:00,270.0,-1.0,-1.8369701987210297e-16,13.8,9.35,2.5,1.75,315.0,-0.7071067811865477,0.7071067811865474,5.0,3.6
2015-01-16 18:00:00,2015-01-17 06:00:00,270.0,-1.0,-1.8369701987210297e-16,13.8,9.35,2.5,1.75,315.0,-0.7071067811865477,0.7071067811865474,5.0,3.6
2015-01-16 18:00:00,2015-01-17 09:00:00,270.0,-1.0,-1.8369701987210297e-16,13.8,9.35,2.5,1.75,315.0,-0.7071067811865477,0.7071067811865474,5.0,3.6
2015-01-16 18:00:00,2015-01-17 12:00:00,270.0,-1.0,-1.8369701987210297e-16,13.8,9.35,2.5,1.75,315.0,-0.7071067811865477,0.7071067811865474,5.0,3.6
2015-01-16 18:00:00,2015-01-17 15:00:00,270.0,-1.0,-1.8369701987210297e-16,13.8,9.35,2.5,1.75,315.0,-0.7071067811865477,0.7071067811865474,5.0,3.6
2015-01-16 18:00:00,2015-01-17 18:00:00,270.0,-1.0,-1.8369701987210297e-16,13.8,9.35,2.5,1.75,315.0,-0.7071067811865477,0.7071067811865474,5.0,3.6
2015-01-17 12:00:00,2015-01-17 12:00:00,270.0,-1.0,-1.8369701987210297e-16,13.8,8.7,4.0,0.6381578947368421,315.0,-0.7071067811865477,0.7071067811865474,5.0,4.5
2015-01-17 12:00:00,2015-01-17 15:00:00,270.0,-1.0,-1.8369701987210297e-16,13.8,8.7,4.0,0.6381578947368421,315.0,-0.7071067811865477,0.7071067811865474,5.0,4.5
2015-01-17 12:00:00,2015-01-17 18:00:00,270.0,-1.0,-1.8369701987210297e-16,13.8,8.7,4.0,0.6381578947368421,315.0,-0.7071067811865477,0.7071067811865474,4.0,3.5
2015-01-17 12:00:00,2015-01-17 21:00:00,270.0,-1.0,-1.8369701987210297e-16,13.8,8.7,4.0,0.6381578947368421,315.0,-0.7071067811865477,0.7071067811865474,4.0,3.5
2015-01-17 12:00:00,2015-01-18 00:00:00,270.0,-1.0,-1.8369701987210297e-16,13.8,8.7,4.0,0.6381578947368421,315.0,-0.7071067811865477,0.7071067811865474,4.0,3.5
2015-01-17 12:00:00,2015-01-18 03:00:00,270.0,-1.0,-1.8369701987210297e-16,13.8,8.7,4.0,0.6381578947368421,315.0,-0.7071067811865477,0.7071067811865474,4.0,3.5
2015-01-17 12:00:00,2015-01-18 06:00:00,270.0,-1.0,-1.8369701987210297e-16,13.8,8.7,4.0,0.6381578947368421,315.0,-0.7071067811865477,0.7071067811865474,4.0,3.5
2015-01-17 12:00:00,2015-01-18 09:00:00,224.99999999999997,-0.7071067811865475,-0.7071067811865477,10.7,7.9,4.0,0.6381578947368421,315.0,-0.7071067811865477,0.7071067811865474,4.0,3.5
2015-01-17 12:00:00,2015-01-18 12:00:00,224.99999999999997,-0.7071067811865475,-0.7071067811865477,10.7,7.9,4.0,0.6381578947368421,315.0,-0.7071067811865477,0.7071067811865474,4.0,3.5
2015-01-17 18:00:00,2015-01-17 18:00:00,180.0,1.2246467991473532e-16,-1.0,10.7,6.7,1.25,0.75,315.0,-0.7071067811865477,0.7071067811865474,None,None
2015-01-17 18:00:00,2015-01-17 21:00:00,180.0,1.2246467991473532e-16,-1.0,10.7,6.7,1.25,0.75,315.0,-0.7071067811865477,0.7071067811865474,None,None
2015-01-17 18:00:00,2015-01-18 00:00:00,180.0,1.2246467991473532e-16,-1.0,10.7,6.7,1.25,0.75,315.0,-0.7071067811865477,0.7071067811865474,None,None
2015-01-17 18:00:00,2015-01-18 03:00:00,180.0,1.2246467991473532e-16,-1.0,10.7,6.7,1.25,0.75,315.0,-0.7071067811865477,0.7071067811865474,None,None
2015-01-17 18:00:00,2015-01-18 06:00:00,180.0,1.2246467991473532e-16,-1.0,10.7,6.7,1.25,0.75,315.0,-0.7071067811865477,0.7071067811865474,None,None
2015-01-17 18:00:00,2015-01-18 09:00:00,180.0,1.2246467991473532e-16,-1.0,10.7,6.7,1.25,0.75,315.0,-0.7071067811865477,0.7071067811865474,None,None
2015-01-17 18:00:00,2015-01-18 12:00:00,180.0,1.2246467991473532e-16,-1.0,10.7,6.7,1.25,0.75,315.0,-0.7071067811865477,0.7071067811865474,None,None
2015-01-17 18:00:00,2015-01-18 15:00:00,180.0,1.2246467991473532e-16,-1.0,10.7,6.7,1.25,0.75,315.0,-0.7071067811865477,0.7071067811865474,None,None
2015-01-17 18:00:00,2015-01-18 18:00:00,315.0,-0.7071067811865477,0.7071067811865474,10.7,6.7,1.25,0.75,315.0,-0.7071067811865477,0.7071067811865474,None,None
2015-01-18 12:00:00,2015-01-18 12:00:00,315.0,-0.7071067811865476,0.7071067811865475,7.9,5.4,1.25,0.75,315.0,-0.7071067811865477,0.7071067811865474,2.0,1.5
2015-01-18 12:00:00,2015-01-18 15:00:00,315.0,-0.7071067811865476,0.7071067811865475,7.9,5.4,1.25,0.75,315.0,-0.7071067811865477,0.7071067811865474,2.0,1.5
2015-01-18 12:00:00,2015-01-18 18:00:00,315.0,-0.7071067811865476,0.7071067811865475,7.9,5.4,1.25,0.75,315.0,-0.7071067811865477,0.7071067811865474,2.0,1.5
2015-01-18 12:00:00,2015-01-18 21:00:00,315.0,-0.7071067811865477,0.7071067811865474,17.1,13.8,1.25,0.75,315.0,-0.7071067811865477,0.7071067811865474,2.0,1.5
2015-01-18 12:00:00,2015-01-19 00:00:00,315.0,-0.7071067811865477,0.7071067811865474,17.1,13.8,1.25,0.75,315.0,-0.7071067811865477,0.7071067811865474,2.0,1.5
2015-01-18 12:00:00,2015-01-19 03:00:00,315.0,-0.7071067811865477,0.7071067811865474,17.1,13.8,1.25,0.75,315.0,-0.7071067811865477,0.7071067811865474,2.0,1.5
2015-01-18 12:00:00,2015-01-19 06:00:00,315.0,-0.7071067811865477,0.7071067811865474,17.1,13.8,1.25,0.75,315.0,-0.7071067811865477,0.7071067811865474,2.0,1.5
2015-01-18 12:00:00,2015-01-19 09:00:00,315.0,-0.7071067811865477,0.7071067811865474,10.7,9.35,2.5,1.75,315.0,-0.7071067811865477,0.7071067811865474,2.0,1.5
2015-01-18 12:00:00,2015-01-19 12:00:00,315.0,-0.7071067811865477,0.7071067811865474,10.7,9.35,2.5,1.75,315.0,-0.7071067811865477,0.7071067811865474,2.0,1.5
2015-01-18 18:00:00,2015-01-18 18:00:00,315.0,-0.7071067811865477,0.7071067811865474,17.1,13.8,4.0,3.125,315.0,-0.7071067811865477,0.7071067811865474,3.0,2.0
2015-01-18 18:00:00,2015-01-18 21:00:00,315.0,-0.7071067811865477,0.7071067811865474,17.1,13.8,4.0,3.125,315.0,-0.7071067811865477,0.7071067811865474,3.0,2.0
2015-01-18 18:00:00,2015-01-19 00:00:00,315.0,-0.7071067811865477,0.7071067811865474,17.1,13.8,4.0,3.125,315.0,-0.7071067811865477,0.7071067811865474,3.0,2.0
2015-01-18 18:00:00,2015-01-19 03:00:00,315.0,-0.7071067811865477,0.7071067811865474,17.1,13.8,4.0,3.125,315.0,-0.7071067811865477,0.7071067811865474,3.0,2.0
2015-01-18 18:00:00,2015-01-19 06:00:00,315.0,-0.7071067811865477,0.7071067811865474,17.1,13.8,4.0,3.125,315.0,-0.7071067811865477,0.7071067811865474,3.0,2.0
2015-01-18 18:00:00,2015-01-19 09:00:00,292.5,-0.9238795325112867,0.38268343236509006,7.9,6.7,2.5,1.75,315.0,-0.7071067811865477,0.7071067811865474,3.0,2.0
2015-01-18 18:00:00,2015-01-19 12:00:00,292.5,-0.9238795325112867,0.38268343236509006,7.9,6.7,2.5,1.75,315.0,-0.7071067811865477,0.7071067811865474,3.0,2.0
2015-01-18 18:00:00,2015-01-19 15:00:00,292.5,-0.9238795325112867,0.38268343236509006,7.9,6.7,2.5,1.75,315.0,-0.7071067811865477,0.7071067811865474,3.0,2.0
2015-01-18 18:00:00,2015-01-19 18:00:00,292.5,-0.9238795325112867,0.38268343236509006,7.9,6.7,2.5,1.75,315.0,-0.7071067811865477,0.7071067811865474,3.0,2.0
2015-01-19 12:00:00,2015-01-19 12:00:00,315.0,-0.7071067811865477,0.7071067811865474,10.7,7.9,2.5,1.25,315.0,-0.7071067811865477,0.7071067811865474,None,None
2015-01-19 12:00:00,2015-01-19 15:00:00,270.0,-1.0,-1.8369701987210297e-16,7.9,6.7,2.5,1.25,315.0,-0.7071067811865477,0.7071067811865474,None,None
2015-01-19 12:00:00,2015-01-19 18:00:00,270.0,-1.0,-1.8369701987210297e-16,7.9,6.7,2.5,1.25,315.0,-0.7071067811865477,0.7071067811865474,None,None
2015-01-19 12:00:00,2015-01-19 21:00:00,270.0,-1.0,-1.8369701987210297e-16,7.9,6.7,2.5,1.25,315.0,-0.7071067811865477,0.7071067811865474,None,None
2015-01-19 12:00:00,2015-01-20 00:00:00,270.0,-1.0,-1.8369701987210297e-16,7.9,6.7,2.5,1.25,315.0,-0.7071067811865477,0.7071067811865474,None,None
2015-01-19 12:00:00,2015-01-20 03:00:00,270.0,-1.0,-1.8369701987210297e-16,7.9,6.7,2.5,1.25,315.0,-0.7071067811865477,0.7071067811865474,None,None
2015-01-19 12:00:00,2015-01-20 06:00:00,270.0,-1.0,-1.8369701987210297e-16,7.9,6.7,2.5,1.25,315.0,-0.7071067811865477,0.7071067811865474,None,None
2015-01-19 12:00:00,2015-01-20 09:00:00,270.0,-1.0,-1.8369701987210297e-16,7.9,6.7,2.5,1.25,315.0,-0.7071067811865477,0.7071067811865474,None,None
2015-01-19 12:00:00,2015-01-20 12:00:00,180.0,1.2246467991473532e-16,-1.0,5.4,3.3,0.5,0.25,315.0,-0.7071067811865477,0.7071067811865474,None,None
2015-01-19 18:00:00,2015-01-19 18:00:00,270.0,-1.0,-1.8369701987210297e-16,7.9,6.7,0.5,0.25,315.0,-0.7071067811865477,0.7071067811865474,3.0,2.5
2015-01-19 18:00:00,2015-01-19 21:00:00,270.0,-1.0,-1.8369701987210297e-16,7.9,6.7,0.5,0.25,315.0,-0.7071067811865477,0.7071067811865474,3.0,2.5
2015-01-19 18:00:00,2015-01-20 00:00:00,270.0,-1.0,-1.8369701987210297e-16,7.9,6.7,0.5,0.25,315.0,-0.7071067811865477,0.7071067811865474,3.0,2.5
2015-01-19 18:00:00,2015-01-20 03:00:00,270.0,-1.0,-1.8369701987210297e-16,7.9,6.7,0.5,0.25,315.0,-0.7071067811865477,0.7071067811865474,3.0,2.5
2015-01-19 18:00:00,2015-01-20 06:00:00,270.0,-1.0,-1.8369701987210297e-16,7.9,6.7,0.5,0.25,315.0,-0.7071067811865477,0.7071067811865474,3.0,2.5
2015-01-19 18:00:00,2015-01-20 09:00:00,270.0,-1.0,-1.8369701987210297e-16,7.9,6.7,0.5,0.25,315.0,-0.7071067811865477,0.7071067811865474,3.0,2.5
2015-01-19 18:00:00,2015-01-20 12:00:00,270.0,-1.0,-1.8369701987210297e-16,7.9,6.7,0.5,0.25,315.0,-0.7071067811865477,0.7071067811865474,3.0,2.5
2015-01-19 18:00:00,2015-01-20 15:00:00,270.0,-1.0,-1.8369701987210297e-16,7.9,6.7,0.5,0.25,315.0,-0.7071067811865477,0.7071067811865474,3.0,2.5
2015-01-19 18:00:00,2015-01-20 18:00:00,315.0,-0.7071067811865477,0.7071067811865474,10.7,7.9,2.5,1.75,315.0,-0.7071067811865477,0.7071067811865474,3.0,2.5
2015-01-20 12:00:00,2015-01-20 12:00:00,180.0,1.2246467991473532e-16,-1.0,5.4,3.3,2.5,1.25,315.0,-0.7071067811865477,0.7071067811865474,4.0,3.3333333333333335
2015-01-20 12:00:00,2015-01-20 15:00:00,292.5,-0.9238795325112867,0.38268343236509006,10.7,7.9,2.5,1.25,315.0,-0.7071067811865477,0.7071067811865474,4.0,3.3333333333333335
2015-01-20 12:00:00,2015-01-20 18:00:00,292.5,-0.9238795325112867,0.38268343236509006,10.7,7.9,2.5,1.25,315.0,-0.7071067811865477,0.7071067811865474,4.0,3.3333333333333335
2015-01-20 12:00:00,2015-01-20 21:00:00,292.5,-0.9238795325112867,0.38268343236509006,10.7,7.9,2.5,1.25,315.0,-0.7071067811865477,0.7071067811865474,4.0,3.3333333333333335
2015-01-20 12:00:00,2015-01-21 00:00:00,292.5,-0.9238795325112867,0.38268343236509006,10.7,7.9,2.5,1.25,315.0,-0.7071067811865477,0.7071067811865474,4.0,3.3333333333333335
2015-01-20 12:00:00,2015-01-21 03:00:00,292.5,-0.9238795325112867,0.38268343236509006,10.7,7.9,4.0,3.125,315.0,-0.7071067811865477,0.7071067811865474,4.0,3.3333333333333335
2015-01-20 12:00:00,2015-01-21 06:00:00,292.5,-0.9238795325112867,0.38268343236509006,10.7,7.9,4.0,3.125,315.0,-0.7071067811865477,0.7071067811865474,4.0,3.3333333333333335
2015-01-20 12:00:00,2015-01-21 09:00:00,292.5,-0.9238795325112867,0.38268343236509006,10.7,7.9,4.0,3.125,315.0,-0.7071067811865477,0.7071067811865474,4.0,3.3333333333333335
2015-01-20 12:00:00,2015-01-21 12:00:00,292.5,-0.9238795325112867,0.38268343236509006,10.7,7.9,4.0,3.125,315.0,-0.7071067811865477,0.7071067811865474,4.0,3.3333333333333335
2015-01-20 18:00:00,2015-01-20 18:00:00,None,None,None,None,None,4.0,3.125,315.0,-0.7071067811865477,0.7071067811865474,4.0,3.5
2015-01-20 18:00:00,2015-01-20 21:00:00,None,None,None,None,None,4.0,3.125,315.0,-0.7071067811865477,0.7071067811865474,4.0,3.5
2015-01-20 18:00:00,2015-01-21 00:00:00,None,None,None,None,None,4.0,3.125,315.0,-0.7071067811865477,0.7071067811865474,4.0,3.5
2015-01-20 18:00:00,2015-01-21 03:00:00,None,None,None,None,None,4.0,3.125,315.0,-0.7071067811865477,0.7071067811865474,4.0,3.5
2015-01-20 18:00:00,2015-01-21 06:00:00,None,None,None,None,None,4.0,3.125,315.0,-0.7071067811865477,0.7071067811865474,4.0,3.5
2015-01-20 18:00:00,2015-01-21 09:00:00,None,None,None,None,None,4.0,3.125,315.0,-0.7071067811865477,0.7071067811865474,4.0,3.5
2015-01-20 18:00:00,2015-01-21 12:00:00,None,None,None,None,None,4.0,3.125,315.0,-0.7071067811865477,0.7071067811865474,4.0,3.5
2015-01-20 18:00:00,2015-01-21 15:00:00,None,None,None,None,None,4.0,3.125,315.0,-0.7071067811865477,0.7071067811865474,4.0,3.5
2015-01-20 18:00:00,2015-01-21 18:00:00,None,None,None,None,None,4.0,3.125,315.0,-0.7071067811865477,0.7071067811865474,4.0,3.5
2015-01-21 12:00:00,2015-01-21 12:00:00,292.5,-0.9238795325112867,0.38268343236509006,17.1,13.8,4.0,3.125,315.0,-0.7071067811865477,0.7071067811865474,None,None
2015-01-21 12:00:00,2015-01-21 15:00:00,292.5,-0.9238795325112867,0.38268343236509006,17.1,13.8,4.0,3.125,315.0,-0.7071067811865477,0.7071067811865474,None,None
2015-01-21 12:00:00,2015-01-21 18:00:00,292.5,-0.9238795325112867,0.38268343236509006,17.1,13.8,4.0,3.125,315.0,-0.7071067811865477,0.7071067811865474,None,None
2015-01-21 12:00:00,2015-01-21 21:00:00,292.5,-0.9238795325112867,0.38268343236509006,17.1,13.8,4.0,3.125,315.0,-0.7071067811865477,0.7071067811865474,None,None
2015-01-21 12:00:00,2015-01-22 00:00:00,292.5,-0.9238795325112867,0.38268343236509006,17.1,13.8,4.0,3.125,315.0,-0.7071067811865477,0.7071067811865474,None,None
2015-01-21 12:00:00,2015-01-22 03:00:00,292.5,-0.9238795325112867,0.38268343236509006,17.1,13.8,4.0,3.125,315.0,-0.7071067811865477,0.7071067811865474,None,None
2015-01-21 12:00:00,2015-01-22 06:00:00,292.5,-0.9238795325112867,0.38268343236509006,17.1,13.8,4.0,3.125,315.0,-0.7071067811865477,0.7071067811865474,None,None
2015-01-21 12:00:00,2015-01-22 09:00:00,292.5,-0.9238795325112867,0.38268343236509006,17.1,13.8,4.0,3.125,315.0,-0.7071067811865477,0.7071067811865474,None,None
2015-01-21 12:00:00,2015-01-22 12:00:00,0.0,0.0,1.0,7.9,5.4,1.25,0.75,315.0,-0.7071067811865477,0.7071067811865474,None,None
2015-01-21 18:00:00,2015-01-21 18:00:00,292.5,-0.9238795325112867,0.38268343236509006,17.1,13.8,4.0,3.125,315.0,-0.7071067811865477,0.7071067811865474,None,None
2015-01-21 18:00:00,2015-01-21 21:00:00,292.5,-0.9238795325112867,0.38268343236509006,17.1,13.8,4.0,3.125,315.0,-0.7071067811865477,0.7071067811865474,None,None
2015-01-21 18:00:00,2015-01-22 00:00:00,292.5,-0.9238795325112867,0.38268343236509006,17.1,13.8,4.0,3.125,315.0,-0.7071067811865477,0.7071067811865474,None,None
2015-01-21 18:00:00,2015-01-22 03:00:00,292.5,-0.9238795325112867,0.38268343236509006,17.1,13.8,4.0,3.125,315.0,-0.7071067811865477,0.7071067811865474,None,None
2015-01-21 18:00:00,2015-01-22 06:00:00,292.5,-0.9238795325112867,0.38268343236509006,17.1,13.8,4.0,3.125,315.0,-0.7071067811865477,0.7071067811865474,None,None
2015-01-21 18:00:00,2015-01-22 09:00:00,292.5,-0.9238795325112867,0.38268343236509006,17.1,13.8,4.0,3.125,315.0,-0.7071067811865477,0.7071067811865474,None,None
2015-01-21 18:00:00,2015-01-22 12:00:00,292.5,-0.9238795325112867,0.38268343236509006,17.1,13.8,4.0,3.125,315.0,-0.7071067811865477,0.7071067811865474,None,None
2015-01-21 18:00:00,2015-01-22 15:00:00,292.5,-0.9238795325112867,0.38268343236509006,17.1,13.8,4.0,3.125,315.0,-0.7071067811865477,0.7071067811865474,None,None
2015-01-21 18:00:00,2015-01-22 18:00:00,292.5,-0.9238795325112867,0.38268343236509006,7.9,6.7,1.25,0.75,315.0,-0.7071067811865477,0.7071067811865474,None,None
2015-01-22 12:00:00,2015-01-22 12:00:00,315.0,-0.7071067811865477,0.7071067811865474,10.7,7.9,1.25,0.75,315.0,-0.7071067811865477,0.7071067811865474,5.0,4.5
2015-01-22 12:00:00,2015-01-22 15:00:00,315.0,-0.7071067811865477,0.7071067811865474,10.7,7.9,1.25,0.75,315.0,-0.7071067811865477,0.7071067811865474,5.0,4.5
2015-01-22 12:00:00,2015-01-22 18:00:00,315.0,-0.7071067811865477,0.7071067811865474,10.7,7.9,1.25,0.75,315.0,-0.7071067811865477,0.7071067811865474,3.0,2.5
2015-01-22 12:00:00,2015-01-22 21:00:00,0.0,0.0,1.0,7.9,5.4,1.25,0.75,315.0,-0.7071067811865477,0.7071067811865474,3.0,2.5
2015-01-22 12:00:00,2015-01-23 00:00:00,0.0,0.0,1.0,7.9,5.4,1.25,0.75,315.0,-0.7071067811865477,0.7071067811865474,3.0,2.5
2015-01-22 12:00:00,2015-01-23 03:00:00,0.0,0.0,1.0,7.9,5.4,1.25,0.75,315.0,-0.7071067811865477,0.7071067811865474,3.0,2.5
2015-01-22 12:00:00,2015-01-23 06:00:00,0.0,0.0,1.0,7.9,5.4,1.25,0.75,315.0,-0.7071067811865477,0.7071067811865474,3.0,2.5
2015-01-22 12:00:00,2015-01-23 09:00:00,0.0,0.0,1.0,7.9,5.4,1.25,0.75,315.0,-0.7071067811865477,0.7071067811865474,3.0,2.5
2015-01-22 12:00:00,2015-01-23 12:00:00,0.0,0.0,1.0,7.9,5.4,1.25,0.75,315.0,-0.7071067811865477,0.7071067811865474,3.0,2.5
2015-01-22 18:00:00,2015-01-22 18:00:00,90.0,1.0,6.123233995736766e-17,10.7,9.35,1.25,0.165,315.0,-0.7071067811865477,0.7071067811865474,4.0,3.5
2015-01-22 18:00:00,2015-01-22 21:00:00,90.0,1.0,6.123233995736766e-17,10.7,9.35,1.25,0.165,315.0,-0.7071067811865477,0.7071067811865474,4.0,3.5
2015-01-22 18:00:00,2015-01-23 00:00:00,90.0,1.0,6.123233995736766e-17,10.7,9.35,1.25,0.165,315.0,-0.7071067811865477,0.7071067811865474,4.0,3.5
2015-01-22 18:00:00,2015-01-23 03:00:00,90.0,1.0,6.123233995736766e-17,10.7,9.35,1.25,0.165,315.0,-0.7071067811865477,0.7071067811865474,4.0,3.5
2015-01-22 18:00:00,2015-01-23 06:00:00,90.0,1.0,6.123233995736766e-17,10.7,9.35,1.25,0.165,315.0,-0.7071067811865477,0.7071067811865474,4.0,3.5
2015-01-22 18:00:00,2015-01-23 09:00:00,90.0,1.0,6.123233995736766e-17,10.7,9.35,1.25,0.165,315.0,-0.7071067811865477,0.7071067811865474,3.0,2.5
2015-01-22 18:00:00,2015-01-23 12:00:00,None,None,None,5.4,3.3,1.25,0.165,315.0,-0.7071067811865477,0.7071067811865474,3.0,2.5
2015-01-22 18:00:00,2015-01-23 15:00:00,None,None,None,5.4,3.3,1.25,0.165,315.0,-0.7071067811865477,0.7071067811865474,3.0,2.5
2015-01-22 18:00:00,2015-01-23 18:00:00,None,None,None,5.4,3.3,1.25,0.165,315.0,-0.7071067811865477,0.7071067811865474,3.0,2.5
2015-01-23 12:00:00,2015-01-23 12:00:00,0.0,0.0,1.0,5.4,2.5,0.5,0.25,315.0,-0.7071067811865477,0.7071067811865474,2.0,1.5
2015-01-23 12:00:00,2015-01-23 15:00:00,0.0,0.0,1.0,5.4,2.5,0.5,0.25,315.0,-0.7071067811865477,0.7071067811865474,2.0,1.5
2015-01-23 12:00:00,2015-01-23 18:00:00,0.0,0.0,1.0,5.4,2.5,0.5,0.25,315.0,-0.7071067811865477,0.7071067811865474,2.0,1.5
2015-01-23 12:00:00,2015-01-23 21:00:00,0.0,0.0,1.0,5.4,2.5,0.5,0.25,315.0,-0.7071067811865477,0.7071067811865474,2.0,1.5
2015-01-23 12:00:00,2015-01-24 00:00:00,0.0,0.0,1.0,5.4,2.5,0.5,0.25,315.0,-0.7071067811865477,0.7071067811865474,2.0,1.5
2015-01-23 12:00:00,2015-01-24 03:00:00,0.0,0.0,1.0,5.4,2.5,0.5,0.25,315.0,-0.7071067811865477,0.7071067811865474,2.0,1.5
2015-01-23 12:00:00,2015-01-24 06:00:00,0.0,0.0,1.0,5.4,2.5,0.5,0.25,315.0,-0.7071067811865477,0.7071067811865474,2.0,1.5
2015-01-23 12:00:00,2015-01-24 09:00:00,0.0,0.0,1.0,5.4,2.5,0.5,0.25,315.0,-0.7071067811865477,0.7071067811865474,2.0,1.5
2015-01-23 12:00:00,2015-01-24 12:00:00,0.0,0.0,1.0,5.4,2.5,0.5,0.25,315.0,-0.7071067811865477,0.7071067811865474,2.0,1.5
2015-01-23 18:00:00,2015-01-23 18:00:00,180.0,1.2246467991473532e-16,-1.0,5.4,2.5,0.5,0.25,315.0,-0.7071067811865477,0.7071067811865474,2.0,1.5
2015-01-23 18:00:00,2015-01-23 21:00:00,180.0,1.2246467991473532e-16,-1.0,5.4,2.5,0.5,0.25,315.0,-0.7071067811865477,0.7071067811865474,2.0,1.5
2015-01-23 18:00:00,2015-01-24 00:00:00,180.0,1.2246467991473532e-16,-1.0,5.4,2.5,0.5,0.25,315.0,-0.7071067811865477,0.7071067811865474,2.0,1.5
2015-01-23 18:00:00,2015-01-24 03:00:00,180.0,1.2246467991473532e-16,-1.0,5.4,2.5,0.5,0.25,315.0,-0.7071067811865477,0.7071067811865474,2.0,1.5
2015-01-23 18:00:00,2015-01-24 06:00:00,180.0,1.2246467991473532e-16,-1.0,5.4,2.5,0.5,0.25,315.0,-0.7071067811865477,0.7071067811865474,2.0,1.5
2015-01-23 18:00:00,2015-01-24 09:00:00,180.0,1.2246467991473532e-16,-1.0,5.4,2.5,0.5,0.25,315.0,-0.7071067811865477,0.7071067811865474,2.0,1.5
2015-01-23 18:00:00,2015-01-24 12:00:00,180.0,1.2246467991473532e-16,-1.0,5.4,2.5,0.5,0.25,315.0,-0.7071067811865477,0.7071067811865474,2.0,1.5
2015-01-23 18:00:00,2015-01-24 15:00:00,180.0,1.2246467991473532e-16,-1.0,5.4,2.5,0.5,0.25,315.0,-0.7071067811865477,0.7071067811865474,2.0,1.5
2015-01-23 18:00:00,2015-01-24 18:00:00,0.0,0.0,1.0,10.7,7.9,1.25,0.75,315.0,-0.7071067811865477,0.7071067811865474,2.0,1.5
2015-01-24 12:00:00,2015-01-24 12:00:00,270.0,-1.0,-1.8369701987210297e-16,10.7,7.9,2.5,1.75,315.0,-0.7071067811865477,0.7071067811865474,2.0,1.5
2015-01-24 12:00:00,2015-01-24 15:00:00,0.0,0.0,1.0,10.7,7.9,2.5,1.75,315.0,-0.7071067811865477,0.7071067811865474,2.0,1.5
2015-01-24 12:00:00,2015-01-24 18:00:00,0.0,0.0,1.0,10.7,7.9,0.5,0.25,315.0,-0.7071067811865477,0.7071067811865474,2.0,1.5
2015-01-24 12:00:00,2015-01-24 21:00:00,45.0,0.7071067811865475,0.7071067811865476,5.4,3.3,0.5,0.25,315.0,-0.7071067811865477,0.7071067811865474,2.0,1.5
2015-01-24 12:00:00,2015-01-25 00:00:00,45.0,0.7071067811865475,0.7071067811865476,5.4,3.3,2.5,1.75,315.0,-0.7071067811865477,0.7071067811865474,2.0,1.5
2015-01-24 12:00:00,2015-01-25 03:00:00,45.0,0.7071067811865475,0.7071067811865476,5.4,3.3,2.5,1.75,315.0,-0.7071067811865477,0.7071067811865474,2.0,1.5
2015-01-24 12:00:00,2015-01-25 06:00:00,45.0,0.7071067811865475,0.7071067811865476,5.4,3.3,2.5,1.75,315.0,-0.7071067811865477,0.7071067811865474,3.0,2.5
2015-01-24 12:00:00,2015-01-25 09:00:00,45.0,0.7071067811865475,0.7071067811865476,5.4,3.3,2.5,1.75,315.0,-0.7071067811865477,0.7071067811865474,3.0,2.5
2015-01-24 12:00:00,2015-01-25 12:00:00,45.0,0.7071067811865475,0.7071067811865476,5.4,3.3,2.5,1.75,315.0,-0.7071067811865477,0.7071067811865474,2.0,1.5
2015-01-24 18:00:00,2015-01-24 18:00:00,22.500000000000004,0.3826834323650898,0.9238795325112867,10.7,7.9,0.5,0.25,315.0,-0.7071067811865477,0.7071067811865474,2.0,1.5
2015-01-24 18:00:00,2015-01-24 21:00:00,45.0,0.7071067811865475,0.7071067811865476,5.4,3.3,0.5,0.25,315.0,-0.7071067811865477,0.7071067811865474,2.0,1.5
2015-01-24 18:00:00,2015-01-25 00:00:00,45.0,0.7071067811865475,0.7071067811865476,5.4,3.3,0.5,0.25,315.0,-0.7071067811865477,0.7071067811865474,2.0,1.5
2015-01-24 18:00:00,2015-01-25 03:00:00,45.0,0.7071067811865475,0.7071067811865476,5.4,3.3,0.5,0.25,315.0,-0.7071067811865477,0.7071067811865474,2.0,1.5
2015-01-24 18:00:00,2015-01-25 06:00:00,45.0,0.7071067811865475,0.7071067811865476,5.4,3.3,0.5,0.25,315.0,-0.7071067811865477,0.7071067811865474,3.0,2.5
2015-01-24 18:00:00,2015-01-25 09:00:00,45.0,0.7071067811865475,0.7071067811865476,5.4,3.3,0.5,0.25,315.0,-0.7071067811865477,0.7071067811865474,3.0,2.5
2015-01-24 18:00:00,2015-01-25 12:00:00,45.0,0.7071067811865475,0.7071067811865476,5.4,3.3,0.5,0.25,315.0,-0.7071067811865477,0.7071067811865474,2.0,1.5
2015-01-24 18:00:00,2015-01-25 15:00:00,45.0,0.7071067811865475,0.7071067811865476,5.4,3.3,0.5,0.25,315.0,-0.7071067811865477,0.7071067811865474,2.0,1.5
2015-01-24 18:00:00,2015-01-25 18:00:00,45.0,0.7071067811865475,0.7071067811865476,5.4,3.3,0.5,0.25,315.0,-0.7071067811865477,0.7071067811865474,2.0,1.5
2015-01-25 12:00:00,2015-01-25 12:00:00,None,None,None,7.9,6.7,1.25,0.75,315.0,-0.7071067811865477,0.7071067811865474,None,None
2015-01-25 12:00:00,2015-01-25 15:00:00,None,None,None,7.9,6.7,1.25,0.75,315.0,-0.7071067811865477,0.7071067811865474,None,None
2015-01-25 12:00:00,2015-01-25 18:00:00,None,None,None,7.9,6.7,1.25,0.75,315.0,-0.7071067811865477,0.7071067811865474,None,None
2015-01-25 12:00:00,2015-01-25 21:00:00,None,None,None,7.9,6.7,1.25,0.75,315.0,-0.7071067811865477,0.7071067811865474,None,None
2015-01-25 12:00:00,2015-01-26 00:00:00,None,None,None,7.9,6.7,1.25,0.75,315.0,-0.7071067811865477,0.7071067811865474,None,None
2015-01-25 12:00:00,2015-01-26 03:00:00,None,None,None,7.9,6.7,1.25,0.75,315.0,-0.7071067811865477,0.7071067811865474,None,None
2015-01-25 12:00:00,2015-01-26 06:00:00,None,None,None,7.9,6.7,1.25,0.75,315.0,-0.7071067811865477,0.7071067811865474,None,None
2015-01-25 12:00:00,2015-01-26 09:00:00,None,None,None,7.9,6.7,1.25,0.75,315.0,-0.7071067811865477,0.7071067811865474,None,None
2015-01-25 12:00:00,2015-01-26 12:00:00,270.0,-1.0,-1.8369701987210297e-16,7.9,6.7,1.25,0.75,315.0,-0.7071067811865477,0.7071067811865474,None,None
2015-01-25 18:00:00,2015-01-25 18:00:00,None,None,None,5.4,3.3,1.25,0.7,315.0,-0.7071067811865477,0.7071067811865474,3.0,2.0
2015-01-25 18:00:00,2015-01-25 21:00:00,None,None,None,5.4,3.3,1.25,0.7,315.0,-0.7071067811865477,0.7071067811865474,3.0,2.0
2015-01-25 18:00:00,2015-01-26 00:00:00,None,None,None,7.9,6.214285714285714,1.25,0.7,315.0,-0.7071067811865477,0.7071067811865474,3.0,2.0
2015-01-25 18:00:00,2015-01-26 03:00:00,None,None,None,7.9,6.214285714285714,1.25,0.7,315.0,-0.7071067811865477,0.7071067811865474,3.0,2.0
2015-01-25 18:00:00,2015-01-26 06:00:00,None,None,None,7.9,6.214285714285714,1.25,0.7,315.0,-0.7071067811865477,0.7071067811865474,3.0,2.0
2015-01-25 18:00:00,2015-01-26 09:00:00,None,None,None,7.9,6.214285714285714,1.25,0.7,315.0,-0.7071067811865477,0.7071067811865474,3.0,2.0
2015-01-25 18:00:00,2015-01-26 12:00:00,None,None,None,7.9,6.214285714285714,1.25,0.7,315.0,-0.7071067811865477,0.7071067811865474,3.0,2.0
2015-01-25 18:00:00,2015-01-26 15:00:00,None,None,None,7.9,6.214285714285714,1.25,0.7,315.0,-0.7071067811865477,0.7071067811865474,3.0,2.0
2015-01-25 18:00:00,2015-01-26 18:00:00,None,None,None,7.9,6.214285714285714,1.25,0.7,315.0,-0.7071067811865477,0.7071067811865474,3.0,2.0
2015-01-26 12:00:00,2015-01-26 12:00:00,292.5,-0.9238795325112867,0.38268343236509006,10.7,7.9,2.5,1.75,315.0,-0.7071067811865477,0.7071067811865474,2.0,1.5
2015-01-26 12:00:00,2015-01-26 15:00:00,292.5,-0.9238795325112867,0.38268343236509006,10.7,7.9,2.5,1.75,315.0,-0.7071067811865477,0.7071067811865474,2.0,1.5
2015-01-26 12:00:00,2015-01-26 18:00:00,292.5,-0.9238795325112867,0.38268343236509006,10.7,7.9,2.5,1.75,315.0,-0.7071067811865477,0.7071067811865474,2.0,1.5
2015-01-26 12:00:00,2015-01-26 21:00:00,292.5,-0.9238795325112867,0.38268343236509006,10.7,7.9,2.5,1.75,315.0,-0.7071067811865477,0.7071067811865474,2.0,1.5
2015-01-26 12:00:00,2015-01-27 00:00:00,292.5,-0.9238795325112867,0.38268343236509006,10.7,7.9,2.5,1.75,315.0,-0.7071067811865477,0.7071067811865474,2.0,1.5
2015-01-26 12:00:00,2015-01-27 03:00:00,292.5,-0.9238795325112867,0.38268343236509006,10.7,7.9,2.5,1.75,315.0,-0.7071067811865477,0.7071067811865474,2.0,1.5
2015-01-26 12:00:00,2015-01-27 06:00:00,292.5,-0.9238795325112867,0.38268343236509006,10.7,7.9,2.5,1.75,315.0,-0.7071067811865477,0.7071067811865474,2.0,1.5
2015-01-26 12:00:00,2015-01-27 09:00:00,292.5,-0.9238795325112867,0.38268343236509006,10.7,7.9,2.5,1.75,315.0,-0.7071067811865477,0.7071067811865474,2.0,1.5
2015-01-26 12:00:00,2015-01-27 12:00:00,0.0,0.0,1.0,5.4,4.4,1.25,0.75,315.0,-0.7071067811865477,0.7071067811865474,2.0,1.5
2015-01-26 18:00:00,2015-01-26 18:00:00,315.0,-0.7071067811865474,0.7071067811865477,10.7,6.65,2.5,1.2236842105263157,315.0,-0.7071067811865477,0.7071067811865474,2.0,1.5
2015-01-26 18:00:00,2015-01-26 21:00:00,315.0,-0.7071067811865474,0.7071067811865477,10.7,6.65,2.5,1.2236842105263157,315.0,-0.7071067811865477,0.7071067811865474,2.0,1.5
2015-01-26 18:00:00,2015-01-27 00:00:00,315.0,-0.7071067811865474,0.7071067811865477,10.7,6.65,2.5,1.2236842105263157,315.0,-0.7071067811865477,0.7071067811865474,2.0,1.5
2015-01-26 18:00:00,2015-01-27 03:00:00,315.0,-0.7071067811865474,0.7071067811865477,10.7,6.65,2.5,1.2236842105263157,315.0,-0.7071067811865477,0.7071067811865474,2.0,1.5
2015-01-26 18:00:00,2015-01-27 06:00:00,315.0,-0.7071067811865474,0.7071067811865477,10.7,6.65,2.5,1.2236842105263157,315.0,-0.7071067811865477,0.7071067811865474,2.0,1.5
2015-01-26 18:00:00,2015-01-27 09:00:00,315.0,-0.7071067811865474,0.7071067811865477,10.7,6.65,2.5,1.2236842105263157,315.0,-0.7071067811865477,0.7071067811865474,2.0,1.5
2015-01-26 18:00:00,2015-01-27 12:00:00,315.0,-0.7071067811865474,0.7071067811865477,10.7,6.65,2.5,1.2236842105263157,315.0,-0.7071067811865477,0.7071067811865474,2.0,1.5
2015-01-26 18:00:00,2015-01-27 15:00:00,315.0,-0.7071067811865474,0.7071067811865477,10.7,6.65,2.5,1.2236842105263157,315.0,-0.7071067811865477,0.7071067811865474,2.0,1.5
2015-01-26 18:00:00,2015-01-27 18:00:00,315.0,-0.7071067811865474,0.7071067811865477,10.7,6.65,2.5,1.2236842105263157,315.0,-0.7071067811865477,0.7071067811865474,2.0,1.5
2015-01-27 12:00:00,2015-01-27 12:00:00,292.5,-0.9238795325112867,0.3826834323650895,None,None,1.25,0.75,315.0,-0.7071067811865477,0.7071067811865474,None,None
2015-01-27 12:00:00,2015-01-27 15:00:00,292.5,-0.9238795325112867,0.3826834323650895,None,None,1.25,0.75,315.0,-0.7071067811865477,0.7071067811865474,None,None
2015-01-27 12:00:00,2015-01-27 18:00:00,292.5,-0.9238795325112867,0.3826834323650895,None,None,1.25,0.75,315.0,-0.7071067811865477,0.7071067811865474,None,None
2015-01-27 12:00:00,2015-01-27 21:00:00,292.5,-0.9238795325112867,0.3826834323650895,None,None,1.25,0.75,315.0,-0.7071067811865477,0.7071067811865474,None,None
2015-01-27 12:00:00,2015-01-28 00:00:00,292.5,-0.9238795325112867,0.3826834323650895,None,None,1.25,0.75,315.0,-0.7071067811865477,0.7071067811865474,None,None
2015-01-27 12:00:00,2015-01-28 03:00:00,292.5,-0.9238795325112867,0.3826834323650895,None,None,1.25,0.75,315.0,-0.7071067811865477,0.7071067811865474,None,None
2015-01-27 12:00:00,2015-01-28 06:00:00,292.5,-0.9238795325112867,0.3826834323650895,None,None,1.25,0.75,315.0,-0.7071067811865477,0.7071067811865474,None,None
2015-01-27 12:00:00,2015-01-28 09:00:00,292.5,-0.9238795325112867,0.3826834323650895,10.7,9.35,2.5,1.25,315.0,-0.7071067811865477,0.7071067811865474,None,None
2015-01-27 12:00:00,2015-01-28 12:00:00,292.5,-0.9238795325112867,0.3826834323650895,10.7,9.35,2.5,1.25,315.0,-0.7071067811865477,0.7071067811865474,None,None
2015-01-27 18:00:00,2015-01-27 18:00:00,292.5,-0.9238795325112867,0.3826834323650895,7.9,6.7,2.5,1.25,315.0,-0.7071067811865477,0.7071067811865474,None,None
2015-01-27 18:00:00,2015-01-27 21:00:00,292.5,-0.9238795325112867,0.3826834323650895,7.9,6.7,2.5,1.25,315.0,-0.7071067811865477,0.7071067811865474,None,None
2015-01-27 18:00:00,2015-01-28 00:00:00,292.5,-0.9238795325112867,0.3826834323650895,7.9,6.7,2.5,1.25,315.0,-0.7071067811865477,0.7071067811865474,None,None
2015-01-27 18:00:00,2015-01-28 03:00:00,292.5,-0.9238795325112867,0.3826834323650895,7.9,6.7,2.5,1.25,315.0,-0.7071067811865477,0.7071067811865474,None,None
2015-01-27 18:00:00,2015-01-28 06:00:00,292.5,-0.9238795325112867,0.3826834323650895,7.9,6.7,2.5,1.25,315.0,-0.7071067811865477,0.7071067811865474,None,None
2015-01-27 18:00:00,2015-01-28 09:00:00,292.5,-0.9238795325112867,0.3826834323650895,13.8,10.7,2.5,1.25,315.0,-0.7071067811865477,0.7071067811865474,None,None
2015-01-27 18:00:00,2015-01-28 12:00:00,292.5,-0.9238795325112867,0.3826834323650895,13.8,10.7,2.5,1.25,315.0,-0.7071067811865477,0.7071067811865474,None,None
2015-01-27 18:00:00,2015-01-28 15:00:00,292.5,-0.9238795325112867,0.3826834323650895,13.8,10.7,2.5,1.25,315.0,-0.7071067811865477,0.7071067811865474,None,None
2015-01-27 18:00:00,2015-01-28 18:00:00,292.5,-0.9238795325112867,0.3826834323650895,13.8,10.7,2.5,1.25,315.0,-0.7071067811865477,0.7071067811865474,None,None
2015-01-28 12:00:00,2015-01-28 12:00:00,270.0,-1.0,-1.8369701987210297e-16,13.8,10.7,4.0,3.125,315.0,-0.7071067811865477,0.7071067811865474,2.0,1.5
2015-01-28 12:00:00,2015-01-28 15:00:00,270.0,-1.0,-1.8369701987210297e-16,17.1,15.5,4.0,3.125,315.0,-0.7071067811865477,0.7071067811865474,2.0,1.5
2015-01-28 12:00:00,2015-01-28 18:00:00,270.0,-1.0,-1.8369701987210297e-16,17.1,15.5,4.0,3.125,315.0,-0.7071067811865477,0.7071067811865474,2.0,1.5
2015-01-28 12:00:00,2015-01-28 21:00:00,270.0,-1.0,-1.8369701987210297e-16,17.1,15.5,4.0,3.125,315.0,-0.7071067811865477,0.7071067811865474,2.0,1.5
2015-01-28 12:00:00,2015-01-29 00:00:00,270.0,-1.0,-1.8369701987210297e-16,17.1,15.5,4.0,3.125,315.0,-0.7071067811865477,0.7071067811865474,2.0,1.5
2015-01-28 12:00:00,2015-01-29 03:00:00,270.0,-1.0,-1.8369701987210297e-16,17.1,15.5,4.0,3.125,315.0,-0.7071067811865477,0.7071067811865474,2.0,1.5
2015-01-28 12:00:00,2015-01-29 06:00:00,270.0,-1.0,-1.8369701987210297e-16,17.1,15.5,4.0,3.125,315.0,-0.7071067811865477,0.7071067811865474,2.0,1.5
2015-01-28 12:00:00,2015-01-29 09:00:00,270.0,-1.0,-1.8369701987210297e-16,17.1,15.5,4.0,3.125,315.0,-0.7071067811865477,0.7071067811865474,4.0,3.5
2015-01-28 12:00:00,2015-01-29 12:00:00,270.0,-1.0,-1.8369701987210297e-16,17.1,15.5,4.0,3.125,315.0,-0.7071067811865477,0.7071067811865474,4.0,3.5
2015-01-28 18:00:00,2015-01-28 18:00:00,270.0,-1.0,-1.8369701987210297e-16,13.8,10.7,6.0,4.0625,315.0,-0.7071067811865477,0.7071067811865474,4.0,2.5
2015-01-28 18:00:00,2015-01-28 21:00:00,270.0,-1.0,-1.8369701987210297e-16,17.1,12.3,6.0,4.0625,315.0,-0.7071067811865477,0.7071067811865474,4.0,2.5
2015-01-28 18:00:00,2015-01-29 00:00:00,270.0,-1.0,-1.8369701987210297e-16,17.1,12.3,6.0,4.0625,315.0,-0.7071067811865477,0.7071067811865474,4.0,2.5
2015-01-28 18:00:00,2015-01-29 03:00:00,270.0,-1.0,-1.8369701987210297e-16,20.7,18.95,6.0,4.0625,315.0,-0.7071067811865477,0.7071067811865474,4.0,2.5
2015-01-28 18:00:00,2015-01-29 06:00:00,270.0,-1.0,-1.8369701987210297e-16,20.7,18.95,6.0,4.0625,315.0,-0.7071067811865477,0.7071067811865474,4.0,2.5
2015-01-28 18:00:00,2015-01-29 09:00:00,270.0,-1.0,-1.8369701987210297e-16,20.7,18.95,6.0,4.0625,315.0,-0.7071067811865477,0.7071067811865474,4.0,2.5
2015-01-28 18:00:00,2015-01-29 12:00:00,270.0,-1.0,-1.8369701987210297e-16,20.7,18.95,6.0,4.0625,315.0,-0.7071067811865477,0.7071067811865474,4.0,2.5
2015-01-28 18:00:00,2015-01-29 15:00:00,270.0,-1.0,-1.8369701987210297e-16,20.7,18.95,6.0,4.0625,315.0,-0.7071067811865477,0.7071067811865474,4.0,2.5
2015-01-28 18:00:00,2015-01-29 18:00:00,270.0,-1.0,-1.8369701987210297e-16,20.7,18.95,6.0,4.0625,315.0,-0.7071067811865477,0.7071067811865474,2.0,1.5
2015-01-29 12:00:00,2015-01-29 12:00:00,247.5,-0.9238795325112868,-0.3826834323650895,13.8,10.7,2.5,1.75,315.0,-0.7071067811865477,0.7071067811865474,4.0,3.5
2015-01-29 12:00:00,2015-01-29 15:00:00,270.0,-1.0,-1.8369701987210297e-16,20.7,18.95,2.5,1.75,315.0,-0.7071067811865477,0.7071067811865474,4.0,3.5
2015-01-29 12:00:00,2015-01-29 18:00:00,270.0,-1.0,-1.8369701987210297e-16,20.7,18.95,2.5,1.75,315.0,-0.7071067811865477,0.7071067811865474,4.0,3.5
2015-01-29 12:00:00,2015-01-29 21:00:00,270.0,-1.0,-1.8369701987210297e-16,20.7,18.95,2.5,1.75,315.0,-0.7071067811865477,0.7071067811865474,4.0,3.5
2015-01-29 12:00:00,2015-01-30 00:00:00,270.0,-1.0,-1.8369701987210297e-16,20.7,18.95,2.5,1.75,315.0,-0.7071067811865477,0.7071067811865474,4.0,3.5
2015-01-29 12:00:00,2015-01-30 03:00:00,270.0,-1.0,-1.8369701987210297e-16,20.7,18.95,6.0,5.0,315.0,-0.7071067811865477,0.7071067811865474,4.0,3.5
2015-01-29 12:00:00,2015-01-30 06:00:00,270.0,-1.0,-1.8369701987210297e-16,20.7,18.95,6.0,5.0,315.0,-0.7071067811865477,0.7071067811865474,4.0,3.5
2015-01-29 12:00:00,2015-01-30 09:00:00,315.0,-0.7071067811865477,0.7071067811865474,17.1,15.5,6.0,5.0,315.0,-0.7071067811865477,0.7071067811865474,4.0,3.5
2015-01-29 12:00:00,2015-01-30 12:00:00,315.0,-0.7071067811865477,0.7071067811865474,17.1,15.5,6.0,5.0,315.0,-0.7071067811865477,0.7071067811865474,4.0,3.5
2015-01-29 18:00:00,2015-01-29 18:00:00,292.5,-0.9238795325112867,0.38268343236509006,20.7,18.95,9.0,6.25,315.0,-0.7071067811865477,0.7071067811865474,4.0,3.5
2015-01-29 18:00:00,2015-01-29 21:00:00,292.5,-0.9238795325112867,0.38268343236509006,20.7,18.95,9.0,6.25,315.0,-0.7071067811865477,0.7071067811865474,4.0,3.5
2015-01-29 18:00:00,2015-01-30 00:00:00,292.5,-0.9238795325112867,0.38268343236509006,20.7,18.95,9.0,6.25,315.0,-0.7071067811865477,0.7071067811865474,4.0,3.5
2015-01-29 18:00:00,2015-01-30 03:00:00,292.5,-0.9238795325112867,0.38268343236509006,20.7,18.95,2.5,1.75,315.0,-0.7071067811865477,0.7071067811865474,4.0,3.5
2015-01-29 18:00:00,2015-01-30 06:00:00,292.5,-0.9238795325112867,0.38268343236509006,20.7,18.95,2.5,1.75,315.0,-0.7071067811865477,0.7071067811865474,4.0,3.5
2015-01-29 18:00:00,2015-01-30 09:00:00,292.5,-0.9238795325112867,0.38268343236509006,13.8,12.3,2.5,1.75,315.0,-0.7071067811865477,0.7071067811865474,4.0,3.5
2015-01-29 18:00:00,2015-01-30 12:00:00,292.5,-0.9238795325112867,0.38268343236509006,13.8,12.3,2.5,1.75,315.0,-0.7071067811865477,0.7071067811865474,4.0,3.5
2015-01-29 18:00:00,2015-01-30 15:00:00,292.5,-0.9238795325112867,0.38268343236509006,13.8,12.3,2.5,1.75,315.0,-0.7071067811865477,0.7071067811865474,4.0,3.5
2015-01-29 18:00:00,2015-01-30 18:00:00,292.5,-0.9238795325112867,0.38268343236509006,13.8,12.3,2.5,1.75,315.0,-0.7071067811865477,0.7071067811865474,4.0,3.5
2015-01-30 12:00:00,2015-01-30 12:00:00,292.5,-0.9238795325112867,0.38268343236509006,17.1,12.3,6.0,5.0,315.0,-0.7071067811865477,0.7071067811865474,6.0,5.5
2015-01-30 12:00:00,2015-01-30 15:00:00,292.5,-0.9238795325112867,0.38268343236509006,17.1,12.3,6.0,5.0,315.0,-0.7071067811865477,0.7071067811865474,6.0,5.5
2015-01-30 12:00:00,2015-01-30 18:00:00,292.5,-0.9238795325112867,0.38268343236509006,17.1,13.8,6.0,5.0,315.0,-0.7071067811865477,0.7071067811865474,6.0,5.5
2015-01-30 12:00:00,2015-01-30 21:00:00,292.5,-0.9238795325112867,0.38268343236509006,17.1,13.8,6.0,5.0,315.0,-0.7071067811865477,0.7071067811865474,6.0,5.5
2015-01-30 12:00:00,2015-01-31 00:00:00,292.5,-0.9238795325112867,0.38268343236509006,24.4,20.7,6.0,5.0,315.0,-0.7071067811865477,0.7071067811865474,6.0,5.5
2015-01-30 12:00:00,2015-01-31 03:00:00,292.5,-0.9238795325112867,0.38268343236509006,24.4,20.7,6.0,5.0,315.0,-0.7071067811865477,0.7071067811865474,6.0,5.5
2015-01-30 12:00:00,2015-01-31 06:00:00,292.5,-0.9238795325112867,0.38268343236509006,24.4,20.7,6.0,5.0,315.0,-0.7071067811865477,0.7071067811865474,6.0,5.5
2015-01-30 12:00:00,2015-01-31 09:00:00,292.5,-0.9238795325112867,0.38268343236509006,24.4,20.7,6.0,5.0,315.0,-0.7071067811865477,0.7071067811865474,4.0,3.5
2015-01-30 12:00:00,2015-01-31 12:00:00,292.5,-0.9238795325112867,0.38268343236509006,24.4,20.7,6.0,5.0,315.0,-0.7071067811865477,0.7071067811865474,4.0,3.5
2015-01-30 18:00:00,2015-01-30 18:00:00,270.0,-1.0,-1.8369701987210297e-16,20.7,18.95,6.0,5.0,315.0,-0.7071067811865477,0.7071067811865474,5.0,4.5
2015-01-30 18:00:00,2015-01-30 21:00:00,270.0,-1.0,-1.8369701987210297e-16,20.7,18.95,6.0,5.0,315.0,-0.7071067811865477,0.7071067811865474,5.0,4.5
2015-01-30 18:00:00,2015-01-31 00:00:00,270.0,-1.0,-1.8369701987210297e-16,20.7,18.95,6.0,5.0,315.0,-0.7071067811865477,0.7071067811865474,5.0,4.5
2015-01-30 18:00:00,2015-01-31 03:00:00,270.0,-1.0,-1.8369701987210297e-16,20.7,18.95,6.0,5.0,315.0,-0.7071067811865477,0.7071067811865474,5.0,4.5
2015-01-30 18:00:00,2015-01-31 06:00:00,270.0,-1.0,-1.8369701987210297e-16,20.7,18.95,6.0,5.0,315.0,-0.7071067811865477,0.7071067811865474,5.0,4.5
2015-01-30 18:00:00,2015-01-31 09:00:00,270.0,-1.0,-1.8369701987210297e-16,20.7,18.95,6.0,5.0,315.0,-0.7071067811865477,0.7071067811865474,5.0,4.5
2015-01-30 18:00:00,2015-01-31 12:00:00,270.0,-1.0,-1.8369701987210297e-16,20.7,18.95,6.0,5.0,315.0,-0.7071067811865477,0.7071067811865474,5.0,4.5
2015-01-30 18:00:00,2015-01-31 15:00:00,270.0,-1.0,-1.8369701987210297e-16,20.7,18.95,6.0,5.0,315.0,-0.7071067811865477,0.7071067811865474,5.0,4.5
2015-01-30 18:00:00,2015-01-31 18:00:00,270.0,-1.0,-1.8369701987210297e-16,20.7,18.95,6.0,5.0,315.0,-0.7071067811865477,0.7071067811865474,4.0,3.5
2015-01-31 12:00:00,2015-01-31 12:00:00,292.5,-0.9238795325112867,0.38268343236509006,20.7,16.375,6.0,5.0,315.0,-0.7071067811865477,0.7071067811865474,4.0,3.5
2015-01-31 12:00:00,2015-01-31 15:00:00,292.5,-0.9238795325112867,0.38268343236509006,20.7,16.375,6.0,5.0,315.0,-0.7071067811865477,0.7071067811865474,4.0,3.5
2015-01-31 12:00:00,2015-01-31 18:00:00,292.5,-0.9238795325112867,0.38268343236509006,20.7,16.375,6.0,5.0,315.0,-0.7071067811865477,0.7071067811865474,4.0,3.5
2015-01-31 12:00:00,2015-01-31 21:00:00,292.5,-0.9238795325112867,0.38268343236509006,20.7,16.375,6.0,5.0,315.0,-0.7071067811865477,0.7071067811865474,4.0,3.5
2015-01-31 12:00:00,2015-02-01 00:00:00,292.5,-0.9238795325112867,0.38268343236509006,20.7,16.375,6.0,5.0,315.0,-0.7071067811865477,0.7071067811865474,4.0,3.5
2015-01-31 12:00:00,2015-02-01 03:00:00,292.5,-0.9238795325112867,0.38268343236509006,20.7,16.375,6.0,5.0,315.0,-0.7071067811865477,0.7071067811865474,5.0,4.5
2015-01-31 12:00:00,2015-02-01 06:00:00,292.5,-0.9238795325112867,0.38268343236509006,20.7,16.375,6.0,5.0,315.0,-0.7071067811865477,0.7071067811865474,5.0,4.5
2015-01-31 12:00:00,2015-02-01 09:00:00,292.5,-0.9238795325112867,0.38268343236509006,20.7,16.375,6.0,5.0,315.0,-0.7071067811865477,0.7071067811865474,5.0,4.5
2015-01-31 12:00:00,2015-02-01 12:00:00,292.5,-0.9238795325112867,0.38268343236509006,20.7,16.375,6.0,5.0,315.0,-0.7071067811865477,0.7071067811865474,5.0,4.5
2015-01-31 18:00:00,2015-01-31 18:00:00,None,None,None,20.7,18.95,6.0,5.0,315.0,-0.7071067811865477,0.7071067811865474,4.0,3.5
2015-01-31 18:00:00,2015-01-31 21:00:00,None,None,None,20.7,18.95,6.0,5.0,315.0,-0.7071067811865477,0.7071067811865474,4.0,3.5
2015-01-31 18:00:00,2015-02-01 00:00:00,None,None,None,13.8,10.7,2.5,1.75,315.0,-0.7071067811865477,0.7071067811865474,4.0,3.5
2015-01-31 18:00:00,2015-02-01 03:00:00,None,None,None,13.8,10.7,2.5,1.75,315.0,-0.7071067811865477,0.7071067811865474,5.0,4.5
2015-01-31 18:00:00,2015-02-01 06:00:00,None,None,None,13.8,10.7,2.5,1.75,315.0,-0.7071067811865477,0.7071067811865474,5.0,4.5
2015-01-31 18:00:00,2015-02-01 09:00:00,None,None,None,13.8,10.7,2.5,1.75,315.0,-0.7071067811865477,0.7071067811865474,5.0,4.5
2015-01-31 18:00:00,2015-02-01 12:00:00,None,None,None,13.8,10.7,2.5,1.75,315.0,-0.7071067811865477,0.7071067811865474,5.0,4.5
2015-01-31 18:00:00,2015-02-01 15:00:00,None,None,None,13.8,10.7,2.5,1.75,315.0,-0.7071067811865477,0.7071067811865474,5.0,4.5
2015-01-31 18:00:00,2015-02-01 18:00:00,None,None,None,13.8,10.7,2.5,1.75,315.0,-0.7071067811865477,0.7071067811865474,5.0,4.5
